-- phpMyAdmin SQL Dump
-- version 5.2.0
-- https://www.phpmyadmin.net/
--
-- Servidor: localhost
-- Tiempo de generación: 02-06-2024 a las 16:14:52
-- Versión del servidor: 10.4.27-MariaDB
-- Versión de PHP: 7.4.33

SET SQL_MODE = "NO_AUTO_VALUE_ON_ZERO";
START TRANSACTION;
SET time_zone = "+00:00";


/*!40101 SET @OLD_CHARACTER_SET_CLIENT=@@CHARACTER_SET_CLIENT */;
/*!40101 SET @OLD_CHARACTER_SET_RESULTS=@@CHARACTER_SET_RESULTS */;
/*!40101 SET @OLD_COLLATION_CONNECTION=@@COLLATION_CONNECTION */;
/*!40101 SET NAMES utf8mb4 */;

--
-- Base de datos: `citas_medicas`
--

-- --------------------------------------------------------

--
-- Estructura de tabla para la tabla `appointments`
--

CREATE TABLE `appointments` (
  `id` bigint(20) UNSIGNED NOT NULL,
  `doctor_id` bigint(20) UNSIGNED NOT NULL,
  `patient_id` bigint(20) UNSIGNED NOT NULL,
  `date_appointment` timestamp NULL DEFAULT NULL,
  `specialitie_id` bigint(20) UNSIGNED NOT NULL,
  `doctor_schedule_join_id` bigint(20) UNSIGNED NOT NULL,
  `user_id` bigint(20) UNSIGNED DEFAULT NULL,
  `status` tinyint(1) UNSIGNED NOT NULL DEFAULT 1 COMMENT '1 atendido 2 pendiente',
  `created_at` timestamp NULL DEFAULT NULL,
  `updated_at` timestamp NULL DEFAULT NULL,
  `deleted_at` timestamp NULL DEFAULT NULL,
  `date_attention` timestamp NULL DEFAULT NULL
) ENGINE=InnoDB DEFAULT CHARSET=utf8mb4 COLLATE=utf8mb4_general_ci;

--
-- Volcado de datos para la tabla `appointments`
--

INSERT INTO `appointments` (`id`, `doctor_id`, `patient_id`, `date_appointment`, `specialitie_id`, `doctor_schedule_join_id`, `user_id`, `status`, `created_at`, `updated_at`, `deleted_at`, `date_attention`) VALUES
(40, 2, 7, '2024-05-07 10:00:00', 9, 1321, 1, 1, '2024-05-07 11:44:07', '2024-05-11 04:45:45', '2024-05-11 04:45:45', NULL),
(41, 2, 7, '2024-05-07 10:00:00', 9, 1331, 1, 1, '2024-05-07 13:50:24', '2024-05-12 15:00:46', '2024-05-12 15:00:46', NULL),
(42, 2, 7, '2024-05-08 10:00:00', 9, 1341, 1, 1, '2024-05-08 10:03:14', '2024-05-08 10:03:14', NULL, NULL),
(43, 2, 7, '2024-05-13 10:00:00', 9, 1311, 1, 1, '2024-05-08 10:18:23', '2024-05-08 10:18:23', NULL, NULL),
(87, 26, 7, '2024-07-08 10:00:00', 6, 3713, 1, 1, '2024-05-29 15:11:28', '2024-05-29 15:11:28', NULL, NULL),
(88, 26, 7, '2024-07-08 10:00:00', 6, 3714, 1, 1, '2024-05-29 15:11:42', '2024-05-29 15:11:42', NULL, NULL),
(89, 26, 7, '2024-07-08 10:00:00', 6, 3715, 1, 2, '2024-05-29 15:11:57', '2024-05-29 15:14:27', NULL, '2024-05-29 15:14:27'),
(90, 2, 10, '2024-06-25 10:00:00', 9, 3961, 1, 1, '2024-05-29 15:25:24', '2024-05-29 15:25:24', NULL, NULL),
(91, 2, 10, '2024-06-25 10:00:00', 9, 3962, 1, 1, '2024-05-29 15:25:38', '2024-05-29 15:25:38', NULL, NULL),
(92, 2, 10, '2024-06-25 10:00:00', 9, 3963, 1, 1, '2024-05-29 15:25:57', '2024-05-29 15:25:57', NULL, NULL),
(93, 3, 9, '2024-06-05 10:00:00', 6, 3633, 1, 1, '2024-05-30 17:18:49', '2024-05-30 17:18:49', NULL, NULL),
(94, 3, 9, '2024-06-05 10:00:00', 6, 3634, 1, 1, '2024-05-30 17:19:00', '2024-05-30 17:19:00', NULL, NULL),
(95, 3, 9, '2024-06-05 10:00:00', 6, 3635, 1, 1, '2024-05-30 17:19:10', '2024-05-30 17:19:10', NULL, NULL),
(96, 2, 9, '2024-06-12 10:00:00', 9, 3977, 1, 1, '2024-05-30 17:20:05', '2024-05-30 17:20:05', NULL, NULL),
(97, 2, 9, '2024-06-12 10:00:00', 9, 3981, 1, 1, '2024-05-30 17:20:18', '2024-05-30 17:20:18', NULL, NULL),
(98, 2, 9, '2024-06-12 10:00:00', 9, 3982, 1, 1, '2024-05-30 17:20:26', '2024-05-30 17:20:26', NULL, NULL),
(99, 8, 9, '2024-06-12 10:00:00', 1, 3829, 1, 1, '2024-05-30 17:20:40', '2024-05-30 17:20:40', NULL, NULL),
(100, 8, 9, '2024-06-18 10:00:00', 1, 3829, 1, 1, '2024-05-30 17:20:50', '2024-05-30 17:20:50', NULL, NULL),
(101, 8, 9, '2024-06-18 10:00:00', 1, 3829, 1, 1, '2024-05-30 17:20:55', '2024-05-30 17:20:55', NULL, NULL),
(102, 8, 9, '2024-06-18 10:00:00', 1, 3830, 1, 1, '2024-05-30 17:21:00', '2024-05-30 17:21:00', NULL, NULL),
(103, 8, 9, '2024-06-18 10:00:00', 1, 3789, 1, 1, '2024-05-30 17:21:17', '2024-05-30 17:21:17', NULL, NULL),
(104, 8, 9, '2024-06-18 10:00:00', 1, 3789, 1, 1, '2024-05-30 17:21:18', '2024-05-30 17:21:18', NULL, NULL),
(105, 8, 9, '2024-06-18 10:00:00', 1, 3789, 1, 1, '2024-05-30 17:21:19', '2024-05-30 17:21:19', NULL, NULL),
(106, 8, 9, '2024-06-18 10:00:00', 1, 3789, 1, 1, '2024-05-30 17:21:20', '2024-05-30 17:21:20', NULL, NULL),
(107, 8, 9, '2024-06-20 10:00:00', 1, 3869, 1, 1, '2024-05-30 17:21:45', '2024-05-30 17:21:45', NULL, NULL),
(108, 8, 9, '2024-06-20 10:00:00', 1, 3870, 1, 1, '2024-05-30 17:21:58', '2024-05-30 17:21:58', NULL, NULL),
(109, 4, 8, '2024-05-31 10:00:00', 2, 3505, 1, 1, '2024-05-31 09:33:03', '2024-05-31 09:33:03', NULL, NULL),
(110, 4, 8, '2024-05-31 10:00:00', 2, 3507, 1, 2, '2024-05-31 09:33:13', '2024-06-02 10:19:31', NULL, '2024-06-02 10:19:31');

-- --------------------------------------------------------

--
-- Estructura de tabla para la tabla `appointment_attendaces`
--

CREATE TABLE `appointment_attendaces` (
  `id` bigint(20) UNSIGNED NOT NULL,
  `created_at` timestamp NULL DEFAULT NULL,
  `updated_at` timestamp NULL DEFAULT NULL,
  `deleted_at` timestamp NULL DEFAULT NULL,
  `appointment_id` bigint(20) UNSIGNED NOT NULL,
  `patient_id` bigint(20) UNSIGNED DEFAULT NULL,
  `description` longtext NOT NULL,
  `prescription` longtext CHARACTER SET utf8mb4 COLLATE utf8mb4_bin DEFAULT NULL
) ENGINE=InnoDB DEFAULT CHARSET=utf8mb4 COLLATE=utf8mb4_general_ci;

--
-- Volcado de datos para la tabla `appointment_attendaces`
--

INSERT INTO `appointment_attendaces` (`id`, `created_at`, `updated_at`, `deleted_at`, `appointment_id`, `patient_id`, `description`, `prescription`) VALUES
(1, '2024-05-24 11:57:58', '2024-05-26 06:58:47', NULL, 70, 8, 'Dolores de piernas, espalda y cabeza', '[{\"prescription\":\"Tratamientos combinados\",\"uso\":\"Dos dias  a la semana\"},{\"prescription\":\"Tratamientos combinados\",\"uso\":\"cuatro dias a la semana\"}]'),
(2, '2024-05-26 06:34:23', '2024-05-26 06:34:23', NULL, 69, 8, 'Otros males', NULL),
(3, '2024-05-26 06:40:54', '2024-05-26 06:40:54', NULL, 68, 8, 'Dislocación de hombre', 'null'),
(4, '2024-05-26 06:48:13', '2024-05-26 06:48:13', NULL, 67, 8, 'Paciente con dolor de cabeza', 'null'),
(5, '2024-05-26 06:57:55', '2024-05-26 06:57:55', NULL, 65, 8, 'Paciente con dolores espalda', '[{\"prescription\":\"Radiografia\",\"uso\":\"Ma\\u00f1ana\"}]'),
(6, '2024-05-26 07:00:09', '2024-05-26 07:01:19', NULL, 64, 8, 'Nódulos cervicales', '[{\"prescription\":\"Acupuntura\",\"uso\":\"cada dia\"}]'),
(7, '2024-05-26 07:11:33', '2024-05-26 07:11:33', NULL, 58, 9, 'Rigidez articular', '[{\"prescription\":\"kinesioterapia\",\"uso\":\"Dos dias a la semana\"}]'),
(8, '2024-05-29 15:14:27', '2024-05-29 15:14:27', NULL, 89, 7, 'Un menisco desgarrado', '[{\"prescription\":\"La fisioterapia puede ayudarte a fortalecer los m\\u00fasculos que rodean la rodilla y tambi\\u00e9n la musculatura de las piernas para ayudar a estabilizar y sostener la articulaci\\u00f3n de la rodilla.\",\"uso\":\"Frio local\"}]'),
(9, '2024-06-02 10:19:31', '2024-06-02 10:19:31', NULL, 110, 8, 'La paciente presenta una dislocacion de hombro por desgarramiento en barra de Crossfit', '[{\"prescription\":\"Solicito radiografia\",\"uso\":\"Lo antes posible\"}]');

-- --------------------------------------------------------

--
-- Estructura de tabla para la tabla `appointment_attendance`
--

CREATE TABLE `appointment_attendance` (
  `id` bigint(20) UNSIGNED NOT NULL,
  `created_at` timestamp NULL DEFAULT NULL,
  `updated_at` timestamp NULL DEFAULT NULL,
  `deleted_at` timestamp NULL DEFAULT NULL,
  `appointment_id` bigint(20) UNSIGNED NOT NULL,
  `patient_id` bigint(20) UNSIGNED NOT NULL,
  `description` longtext NOT NULL,
  `prescription` longtext CHARACTER SET utf8mb4 COLLATE utf8mb4_bin DEFAULT NULL
) ENGINE=InnoDB DEFAULT CHARSET=utf8mb4 COLLATE=utf8mb4_general_ci;

-- --------------------------------------------------------

--
-- Estructura de tabla para la tabla `doctor_schedule_days`
--

CREATE TABLE `doctor_schedule_days` (
  `id` bigint(20) UNSIGNED NOT NULL,
  `user_id` bigint(20) UNSIGNED NOT NULL,
  `day` varchar(60) NOT NULL,
  `created_at` timestamp NULL DEFAULT NULL,
  `updated_at` timestamp NULL DEFAULT NULL,
  `deleted_at` timestamp NULL DEFAULT NULL
) ENGINE=InnoDB DEFAULT CHARSET=utf8mb4 COLLATE=utf8mb4_general_ci;

--
-- Volcado de datos para la tabla `doctor_schedule_days`
--

INSERT INTO `doctor_schedule_days` (`id`, `user_id`, `day`, `created_at`, `updated_at`, `deleted_at`) VALUES
(4, 15, 'lunes', '2024-04-19 18:48:49', '2024-04-19 18:48:49', NULL),
(6, 18, 'Martes', '2024-04-20 06:00:40', '2024-04-20 06:00:40', NULL),
(7, 19, 'Martes', '2024-04-20 06:08:48', '2024-04-20 06:08:48', NULL),
(8, 20, 'Martes', '2024-04-20 06:09:04', '2024-04-20 06:09:04', NULL),
(22, 21, 'Miércoles', '2024-04-20 19:14:26', '2024-04-20 19:14:26', NULL),
(23, 22, 'lunes', '2024-04-21 05:41:28', '2024-04-21 05:41:28', NULL),
(24, 22, 'Martes', '2024-04-21 05:41:28', '2024-04-21 05:41:28', NULL),
(25, 22, 'Jueves', '2024-04-21 05:41:28', '2024-04-21 05:41:28', NULL),
(26, 22, 'Viernes', '2024-04-21 05:41:28', '2024-04-21 05:41:28', NULL),
(47, 14, 'lunes', '2024-04-24 09:51:25', '2024-04-24 09:51:25', NULL),
(48, 14, 'Martes', '2024-04-24 09:51:25', '2024-04-24 09:51:25', NULL),
(49, 14, 'Miércoles', '2024-04-24 09:51:25', '2024-04-24 09:51:25', NULL),
(50, 14, 'Jueves', '2024-04-24 09:51:25', '2024-04-24 09:51:25', NULL),
(51, 14, 'Viernes', '2024-04-24 09:51:25', '2024-04-24 09:51:25', NULL),
(62, 16, 'lunes', '2024-04-25 17:19:22', '2024-04-25 17:19:22', NULL),
(63, 16, 'Martes', '2024-04-25 17:19:22', '2024-04-25 17:19:22', NULL),
(64, 16, 'Miércoles', '2024-04-25 17:19:22', '2024-04-25 17:19:22', NULL),
(65, 16, 'Jueves', '2024-04-25 17:19:22', '2024-04-25 17:19:22', NULL),
(66, 16, 'Viernes', '2024-04-25 17:19:22', '2024-04-25 17:19:22', NULL),
(108, 11, 'lunes', '2024-05-11 06:06:14', '2024-05-11 06:06:14', NULL),
(109, 11, 'Martes', '2024-05-11 06:06:14', '2024-05-11 06:06:14', NULL),
(110, 11, 'Miércoles', '2024-05-11 06:06:14', '2024-05-11 06:06:14', NULL),
(111, 11, 'Jueves', '2024-05-11 06:06:14', '2024-05-11 06:06:14', NULL),
(112, 11, 'Viernes', '2024-05-11 06:06:14', '2024-05-11 06:06:14', NULL),
(116, 10, 'lunes', '2024-05-16 14:42:17', '2024-05-16 14:42:17', NULL),
(128, 5, 'lunes', '2024-05-26 20:29:34', '2024-05-26 20:29:34', NULL),
(149, 6, 'lunes', '2024-05-27 13:36:02', '2024-05-27 13:36:02', NULL),
(150, 6, 'Martes', '2024-05-27 13:36:02', '2024-05-27 13:36:02', NULL),
(151, 6, 'Miércoles', '2024-05-27 13:36:02', '2024-05-27 13:36:02', NULL),
(152, 6, 'Jueves', '2024-05-27 13:36:02', '2024-05-27 13:36:02', NULL),
(153, 6, 'Viernes', '2024-05-27 13:36:02', '2024-05-27 13:36:02', NULL),
(164, 4, 'lunes', '2024-05-27 13:48:59', '2024-05-27 13:48:59', NULL),
(165, 4, 'Martes', '2024-05-27 13:48:59', '2024-05-27 13:48:59', NULL),
(166, 4, 'Miércoles', '2024-05-27 13:48:59', '2024-05-27 13:48:59', NULL),
(167, 4, 'Jueves', '2024-05-27 13:48:59', '2024-05-27 13:48:59', NULL),
(168, 4, 'Viernes', '2024-05-27 13:48:59', '2024-05-27 13:48:59', NULL),
(174, 3, 'lunes', '2024-05-27 13:50:35', '2024-05-27 13:50:35', NULL),
(175, 3, 'Martes', '2024-05-27 13:50:35', '2024-05-27 13:50:35', NULL),
(176, 3, 'Miércoles', '2024-05-27 13:50:35', '2024-05-27 13:50:35', NULL),
(177, 3, 'Jueves', '2024-05-27 13:50:35', '2024-05-27 13:50:35', NULL),
(178, 3, 'Viernes', '2024-05-27 13:50:35', '2024-05-27 13:50:35', NULL),
(181, 8, 'lunes', '2024-05-28 09:58:32', '2024-05-28 09:58:32', NULL),
(182, 8, 'Martes', '2024-05-28 09:58:32', '2024-05-28 09:58:32', NULL),
(183, 8, 'Miércoles', '2024-05-28 09:58:32', '2024-05-28 09:58:32', NULL),
(184, 8, 'Jueves', '2024-05-28 09:58:32', '2024-05-28 09:58:32', NULL),
(185, 8, 'Viernes', '2024-05-28 09:58:32', '2024-05-28 09:58:32', NULL),
(186, 2, 'lunes', '2024-05-28 10:05:47', '2024-05-28 10:05:47', NULL),
(187, 2, 'Martes', '2024-05-28 10:05:47', '2024-05-28 10:05:47', NULL),
(188, 2, 'Miércoles', '2024-05-28 10:05:47', '2024-05-28 10:05:47', NULL),
(189, 2, 'Jueves', '2024-05-28 10:05:47', '2024-05-28 10:05:47', NULL),
(190, 2, 'Viernes', '2024-05-28 10:05:47', '2024-05-28 10:05:47', NULL),
(191, 26, 'lunes', '2024-06-01 10:32:32', '2024-06-01 10:32:32', NULL);

-- --------------------------------------------------------

--
-- Estructura de tabla para la tabla `doctor_schedule_hours`
--

CREATE TABLE `doctor_schedule_hours` (
  `id` bigint(20) UNSIGNED NOT NULL,
  `hour_start` varchar(50) NOT NULL,
  `hour_end` varchar(50) NOT NULL,
  `hour` varchar(20) NOT NULL,
  `created_at` timestamp NULL DEFAULT NULL,
  `updated_at` timestamp NULL DEFAULT NULL
) ENGINE=InnoDB DEFAULT CHARSET=utf8mb4 COLLATE=utf8mb4_general_ci;

--
-- Volcado de datos para la tabla `doctor_schedule_hours`
--

INSERT INTO `doctor_schedule_hours` (`id`, `hour_start`, `hour_end`, `hour`, `created_at`, `updated_at`) VALUES
(1, '08:00:00', '08:15:00', '08', NULL, NULL),
(2, '08:15:00', '08:30:00', '08', NULL, NULL),
(3, '08:30:00', '08:45:00', '08', NULL, NULL),
(4, '08:45:00', '09:00:00', '08', NULL, NULL),
(5, '09:00:00', '09:15:00', '09', NULL, NULL),
(6, '09:15:00', '09:30:00', '09', NULL, NULL),
(7, '09:30:00', '09:45:00', '09', NULL, NULL),
(8, '09:45:00', '10:00:00', '09', NULL, NULL),
(9, '10:00:00', '10:15:00', '10', NULL, NULL),
(10, '10:15:00', '10:30:00', '10', NULL, NULL),
(11, '10:30:00', '10:45:00', '10', NULL, NULL),
(12, '10:45:00', '11:00:00', '10', NULL, NULL),
(13, '11:00:00', '11:15:00', '11', NULL, NULL),
(14, '11:15:00', '11:30:00', '11', NULL, NULL),
(15, '11:30:00', '11:45:00', '11', NULL, NULL),
(16, '11:45:00', '12:00:00', '11', NULL, NULL),
(17, '12:00:00', '12:15:00', '12', NULL, NULL),
(18, '12:15:00', '12:30:00', '12', NULL, NULL),
(19, '12:30:00', '12:45:00', '12', NULL, NULL),
(20, '12:45:00', '13:00:00', '12', NULL, NULL),
(21, '13:00:00', '13:15:00', '13', NULL, NULL),
(22, '13:15:00', '13:30:00', '13', NULL, NULL),
(23, '13:30:00', '13:45:00', '13', NULL, NULL),
(24, '13:45:00', '14:00:00', '13', NULL, NULL),
(25, '14:00:00', '14:15:00', '14', NULL, NULL),
(26, '14:15:00', '14:30:00', '14', NULL, NULL),
(27, '14:30:00', '14:45:00', '14', NULL, NULL),
(28, '14:45:00', '15:00:00', '14', NULL, NULL),
(29, '15:00:00', '15:15:00', '15', NULL, NULL),
(30, '15:15:00', '15:30:00', '15', NULL, NULL),
(31, '15:30:00', '15:45:00', '15', NULL, NULL),
(32, '15:45:00', '16:00:00', '15', NULL, NULL),
(33, '16:00:00', '16:15:00', '16', NULL, NULL),
(34, '16:15:00', '16:30:00', '16', NULL, NULL),
(35, '16:30:00', '16:45:00', '16', NULL, NULL),
(36, '16:45:00', '17:00:00', '16', NULL, NULL),
(37, '17:00:00', '17:15:00', '17', NULL, NULL),
(38, '17:15:00', '17:30:00', '17', NULL, NULL),
(39, '17:30:00', '17:45:00', '17', NULL, NULL),
(40, '17:45:00', '18:00:00', '17', NULL, NULL);

-- --------------------------------------------------------

--
-- Estructura de tabla para la tabla `doctor_schedule_joins`
--

CREATE TABLE `doctor_schedule_joins` (
  `id` bigint(20) UNSIGNED NOT NULL,
  `doctor_schedule_day_id` bigint(20) UNSIGNED NOT NULL,
  `doctor_schedule_hour_id` bigint(25) UNSIGNED NOT NULL,
  `created_at` timestamp NULL DEFAULT NULL,
  `updated_at` timestamp NULL DEFAULT NULL,
  `deleted_at` timestamp NULL DEFAULT NULL
) ENGINE=InnoDB DEFAULT CHARSET=utf8mb4 COLLATE=utf8mb4_general_ci;

--
-- Volcado de datos para la tabla `doctor_schedule_joins`
--

INSERT INTO `doctor_schedule_joins` (`id`, `doctor_schedule_day_id`, `doctor_schedule_hour_id`, `created_at`, `updated_at`, `deleted_at`) VALUES
(129, 22, 9, '2024-04-20 19:14:26', '2024-04-20 19:14:26', NULL),
(130, 22, 10, '2024-04-20 19:14:26', '2024-04-20 19:14:26', NULL),
(131, 22, 11, '2024-04-20 19:14:26', '2024-04-20 19:14:26', NULL),
(132, 22, 12, '2024-04-20 19:14:26', '2024-04-20 19:14:26', NULL),
(133, 22, 1, '2024-04-20 19:14:26', '2024-04-20 19:14:26', NULL),
(134, 22, 2, '2024-04-20 19:14:26', '2024-04-20 19:14:26', NULL),
(135, 22, 3, '2024-04-20 19:14:26', '2024-04-20 19:14:26', NULL),
(136, 22, 4, '2024-04-20 19:14:26', '2024-04-20 19:14:26', NULL),
(137, 23, 1, '2024-04-21 05:41:28', '2024-04-21 05:41:28', NULL),
(138, 23, 2, '2024-04-21 05:41:28', '2024-04-21 05:41:28', NULL),
(139, 23, 3, '2024-04-21 05:41:28', '2024-04-21 05:41:28', NULL),
(140, 23, 4, '2024-04-21 05:41:28', '2024-04-21 05:41:28', NULL),
(141, 23, 5, '2024-04-21 05:41:28', '2024-04-21 05:41:28', NULL),
(142, 23, 6, '2024-04-21 05:41:28', '2024-04-21 05:41:28', NULL),
(143, 23, 7, '2024-04-21 05:41:28', '2024-04-21 05:41:28', NULL),
(144, 23, 8, '2024-04-21 05:41:28', '2024-04-21 05:41:28', NULL),
(145, 23, 9, '2024-04-21 05:41:28', '2024-04-21 05:41:28', NULL),
(146, 23, 10, '2024-04-21 05:41:28', '2024-04-21 05:41:28', NULL),
(147, 23, 11, '2024-04-21 05:41:28', '2024-04-21 05:41:28', NULL),
(148, 23, 12, '2024-04-21 05:41:28', '2024-04-21 05:41:28', NULL),
(149, 23, 13, '2024-04-21 05:41:28', '2024-04-21 05:41:28', NULL),
(150, 23, 14, '2024-04-21 05:41:28', '2024-04-21 05:41:28', NULL),
(151, 23, 15, '2024-04-21 05:41:28', '2024-04-21 05:41:28', NULL),
(152, 23, 16, '2024-04-21 05:41:28', '2024-04-21 05:41:28', NULL),
(153, 23, 17, '2024-04-21 05:41:28', '2024-04-21 05:41:28', NULL),
(154, 23, 18, '2024-04-21 05:41:28', '2024-04-21 05:41:28', NULL),
(155, 23, 19, '2024-04-21 05:41:28', '2024-04-21 05:41:28', NULL),
(156, 23, 20, '2024-04-21 05:41:28', '2024-04-21 05:41:28', NULL),
(157, 23, 21, '2024-04-21 05:41:28', '2024-04-21 05:41:28', NULL),
(158, 23, 22, '2024-04-21 05:41:28', '2024-04-21 05:41:28', NULL),
(159, 23, 23, '2024-04-21 05:41:28', '2024-04-21 05:41:28', NULL),
(160, 23, 24, '2024-04-21 05:41:28', '2024-04-21 05:41:28', NULL),
(161, 23, 25, '2024-04-21 05:41:28', '2024-04-21 05:41:28', NULL),
(162, 23, 26, '2024-04-21 05:41:28', '2024-04-21 05:41:28', NULL),
(163, 23, 27, '2024-04-21 05:41:28', '2024-04-21 05:41:28', NULL),
(164, 23, 28, '2024-04-21 05:41:28', '2024-04-21 05:41:28', NULL),
(165, 23, 33, '2024-04-21 05:41:28', '2024-04-21 05:41:28', NULL),
(166, 23, 34, '2024-04-21 05:41:28', '2024-04-21 05:41:28', NULL),
(167, 23, 35, '2024-04-21 05:41:28', '2024-04-21 05:41:28', NULL),
(168, 23, 36, '2024-04-21 05:41:28', '2024-04-21 05:41:28', NULL),
(169, 23, 37, '2024-04-21 05:41:28', '2024-04-21 05:41:28', NULL),
(170, 23, 38, '2024-04-21 05:41:28', '2024-04-21 05:41:28', NULL),
(171, 23, 39, '2024-04-21 05:41:28', '2024-04-21 05:41:28', NULL),
(172, 23, 40, '2024-04-21 05:41:28', '2024-04-21 05:41:28', NULL),
(173, 24, 1, '2024-04-21 05:41:28', '2024-04-21 05:41:28', NULL),
(174, 24, 2, '2024-04-21 05:41:28', '2024-04-21 05:41:28', NULL),
(175, 24, 3, '2024-04-21 05:41:28', '2024-04-21 05:41:28', NULL),
(176, 24, 4, '2024-04-21 05:41:28', '2024-04-21 05:41:28', NULL),
(177, 25, 1, '2024-04-21 05:41:28', '2024-04-21 05:41:28', NULL),
(178, 25, 2, '2024-04-21 05:41:28', '2024-04-21 05:41:28', NULL),
(179, 25, 3, '2024-04-21 05:41:28', '2024-04-21 05:41:28', NULL),
(180, 25, 4, '2024-04-21 05:41:28', '2024-04-21 05:41:28', NULL),
(181, 26, 1, '2024-04-21 05:41:28', '2024-04-21 05:41:28', NULL),
(182, 26, 2, '2024-04-21 05:41:28', '2024-04-21 05:41:28', NULL),
(183, 26, 3, '2024-04-21 05:41:28', '2024-04-21 05:41:28', NULL),
(184, 26, 4, '2024-04-21 05:41:28', '2024-04-21 05:41:28', NULL),
(465, 47, 9, '2024-04-24 09:51:25', '2024-04-24 09:51:25', NULL),
(466, 47, 10, '2024-04-24 09:51:25', '2024-04-24 09:51:25', NULL),
(467, 47, 11, '2024-04-24 09:51:25', '2024-04-24 09:51:25', NULL),
(468, 47, 12, '2024-04-24 09:51:25', '2024-04-24 09:51:25', NULL),
(469, 47, 13, '2024-04-24 09:51:25', '2024-04-24 09:51:25', NULL),
(470, 47, 14, '2024-04-24 09:51:25', '2024-04-24 09:51:25', NULL),
(471, 47, 15, '2024-04-24 09:51:25', '2024-04-24 09:51:25', NULL),
(472, 47, 16, '2024-04-24 09:51:25', '2024-04-24 09:51:25', NULL),
(473, 48, 9, '2024-04-24 09:51:25', '2024-04-24 09:51:25', NULL),
(474, 48, 10, '2024-04-24 09:51:25', '2024-04-24 09:51:25', NULL),
(475, 48, 11, '2024-04-24 09:51:25', '2024-04-24 09:51:25', NULL),
(476, 48, 12, '2024-04-24 09:51:25', '2024-04-24 09:51:25', NULL),
(477, 48, 13, '2024-04-24 09:51:25', '2024-04-24 09:51:25', NULL),
(478, 48, 14, '2024-04-24 09:51:25', '2024-04-24 09:51:25', NULL),
(479, 48, 15, '2024-04-24 09:51:25', '2024-04-24 09:51:25', NULL),
(480, 48, 16, '2024-04-24 09:51:25', '2024-04-24 09:51:25', NULL),
(481, 49, 9, '2024-04-24 09:51:25', '2024-04-24 09:51:25', NULL),
(482, 49, 10, '2024-04-24 09:51:25', '2024-04-24 09:51:25', NULL),
(483, 49, 11, '2024-04-24 09:51:25', '2024-04-24 09:51:25', NULL),
(484, 49, 12, '2024-04-24 09:51:25', '2024-04-24 09:51:25', NULL),
(485, 49, 13, '2024-04-24 09:51:25', '2024-04-24 09:51:25', NULL),
(486, 49, 14, '2024-04-24 09:51:25', '2024-04-24 09:51:25', NULL),
(487, 49, 15, '2024-04-24 09:51:25', '2024-04-24 09:51:25', NULL),
(488, 49, 16, '2024-04-24 09:51:25', '2024-04-24 09:51:25', NULL),
(489, 50, 9, '2024-04-24 09:51:25', '2024-04-24 09:51:25', NULL),
(490, 50, 10, '2024-04-24 09:51:25', '2024-04-24 09:51:25', NULL),
(491, 50, 11, '2024-04-24 09:51:25', '2024-04-24 09:51:25', NULL),
(492, 50, 12, '2024-04-24 09:51:25', '2024-04-24 09:51:25', NULL),
(493, 50, 13, '2024-04-24 09:51:25', '2024-04-24 09:51:25', NULL),
(494, 50, 14, '2024-04-24 09:51:25', '2024-04-24 09:51:25', NULL),
(495, 50, 15, '2024-04-24 09:51:25', '2024-04-24 09:51:25', NULL),
(496, 50, 16, '2024-04-24 09:51:25', '2024-04-24 09:51:25', NULL),
(497, 51, 9, '2024-04-24 09:51:25', '2024-04-24 09:51:25', NULL),
(498, 51, 10, '2024-04-24 09:51:25', '2024-04-24 09:51:25', NULL),
(499, 51, 11, '2024-04-24 09:51:25', '2024-04-24 09:51:25', NULL),
(500, 51, 12, '2024-04-24 09:51:25', '2024-04-24 09:51:25', NULL),
(501, 51, 13, '2024-04-24 09:51:25', '2024-04-24 09:51:25', NULL),
(502, 51, 14, '2024-04-24 09:51:25', '2024-04-24 09:51:25', NULL),
(503, 51, 15, '2024-04-24 09:51:25', '2024-04-24 09:51:25', NULL),
(504, 51, 16, '2024-04-24 09:51:25', '2024-04-24 09:51:25', NULL),
(705, 57, 1, '2024-04-25 17:18:56', '2024-04-25 17:18:56', NULL),
(706, 57, 2, '2024-04-25 17:18:56', '2024-04-25 17:18:56', NULL),
(707, 57, 3, '2024-04-25 17:18:56', '2024-04-25 17:18:56', NULL),
(708, 57, 4, '2024-04-25 17:18:56', '2024-04-25 17:18:56', NULL),
(709, 57, 9, '2024-04-25 17:18:56', '2024-04-25 17:18:56', NULL),
(710, 57, 10, '2024-04-25 17:18:56', '2024-04-25 17:18:56', NULL),
(711, 57, 11, '2024-04-25 17:18:56', '2024-04-25 17:18:56', NULL),
(712, 57, 12, '2024-04-25 17:18:56', '2024-04-25 17:18:56', NULL),
(713, 57, 13, '2024-04-25 17:18:56', '2024-04-25 17:18:56', NULL),
(714, 57, 14, '2024-04-25 17:18:56', '2024-04-25 17:18:56', NULL),
(715, 57, 15, '2024-04-25 17:18:56', '2024-04-25 17:18:56', NULL),
(716, 57, 16, '2024-04-25 17:18:56', '2024-04-25 17:18:56', NULL),
(717, 58, 1, '2024-04-25 17:18:56', '2024-05-07 13:47:49', '2024-05-07 13:47:49'),
(718, 58, 2, '2024-04-25 17:18:56', '2024-05-07 15:47:49', '2024-05-07 15:47:49'),
(719, 58, 3, '2024-04-25 17:18:56', '2024-05-07 15:47:49', '2024-05-07 15:47:49'),
(720, 58, 4, '2024-04-25 17:18:56', '2024-05-07 15:47:49', '2024-05-07 15:47:49'),
(721, 58, 9, '2024-04-25 17:18:56', '2024-04-25 17:18:56', NULL),
(722, 58, 10, '2024-04-25 17:18:56', '2024-04-25 17:18:56', NULL),
(723, 58, 11, '2024-04-25 17:18:56', '2024-04-25 17:18:56', NULL),
(724, 58, 12, '2024-04-25 17:18:56', '2024-04-25 17:18:56', NULL),
(725, 58, 13, '2024-04-25 17:18:56', '2024-04-25 17:18:56', NULL),
(726, 58, 14, '2024-04-25 17:18:56', '2024-04-25 17:18:56', NULL),
(727, 58, 15, '2024-04-25 17:18:56', '2024-04-25 17:18:56', NULL),
(728, 58, 16, '2024-04-25 17:18:56', '2024-04-25 17:18:56', NULL),
(729, 59, 1, '2024-04-25 17:18:56', '2024-05-07 15:47:49', '2024-05-07 15:47:49'),
(730, 59, 2, '2024-04-25 17:18:56', '2024-05-07 15:47:49', '2024-05-07 15:47:49'),
(731, 59, 3, '2024-04-25 17:18:56', '2024-05-07 15:47:49', '2024-05-07 15:47:49'),
(732, 59, 4, '2024-04-25 17:18:56', '2024-05-07 15:47:49', '2024-05-07 15:47:49'),
(733, 59, 9, '2024-04-25 17:18:56', '2024-04-25 17:18:56', NULL),
(734, 59, 10, '2024-04-25 17:18:56', '2024-04-25 17:18:56', NULL),
(735, 59, 11, '2024-04-25 17:18:56', '2024-04-25 17:18:56', NULL),
(736, 59, 12, '2024-04-25 17:18:56', '2024-04-25 17:18:56', NULL),
(737, 59, 13, '2024-04-25 17:18:56', '2024-04-25 17:18:56', NULL),
(738, 59, 14, '2024-04-25 17:18:56', '2024-04-25 17:18:56', NULL),
(739, 59, 15, '2024-04-25 17:18:56', '2024-04-25 17:18:56', NULL),
(740, 59, 16, '2024-04-25 17:18:56', '2024-04-25 17:18:56', NULL),
(741, 60, 1, '2024-04-25 17:18:56', '2024-05-07 15:47:49', '2024-05-07 15:47:49'),
(742, 60, 2, '2024-04-25 17:18:56', '2024-05-07 15:47:49', '2024-05-07 15:47:49'),
(743, 60, 3, '2024-04-25 17:18:56', '2024-05-07 15:47:49', '2024-05-07 15:47:49'),
(744, 60, 4, '2024-04-25 17:18:56', '2024-05-07 15:47:49', '2024-05-07 15:47:49'),
(745, 60, 9, '2024-04-25 17:18:56', '2024-04-25 17:18:56', NULL),
(746, 60, 10, '2024-04-25 17:18:56', '2024-04-25 17:18:56', NULL),
(747, 60, 11, '2024-04-25 17:18:56', '2024-04-25 17:18:56', NULL),
(748, 60, 12, '2024-04-25 17:18:56', '2024-04-25 17:18:56', NULL),
(749, 60, 13, '2024-04-25 17:18:56', '2024-04-25 17:18:56', NULL),
(750, 60, 14, '2024-04-25 17:18:56', '2024-04-25 17:18:56', NULL),
(751, 60, 15, '2024-04-25 17:18:56', '2024-04-25 17:18:56', NULL),
(752, 60, 16, '2024-04-25 17:18:56', '2024-04-25 17:18:56', NULL),
(753, 61, 1, '2024-04-25 17:18:56', '2024-05-07 15:47:49', '2024-05-07 15:47:49'),
(754, 61, 2, '2024-04-25 17:18:56', '2024-05-07 15:47:49', '2024-05-07 15:47:49'),
(755, 61, 3, '2024-04-25 17:18:56', '2024-05-07 15:47:49', '2024-05-07 15:47:49'),
(756, 61, 4, '2024-04-25 17:18:56', '2024-05-07 15:47:49', '2024-05-07 15:47:49'),
(757, 61, 9, '2024-04-25 17:18:56', '2024-04-25 17:18:56', NULL),
(758, 61, 10, '2024-04-25 17:18:56', '2024-04-25 17:18:56', NULL),
(759, 61, 11, '2024-04-25 17:18:56', '2024-04-25 17:18:56', NULL),
(760, 61, 12, '2024-04-25 17:18:56', '2024-04-25 17:18:56', NULL),
(761, 61, 13, '2024-04-25 17:18:56', '2024-04-25 17:18:56', NULL),
(762, 61, 14, '2024-04-25 17:18:56', '2024-04-25 17:18:56', NULL),
(763, 61, 15, '2024-04-25 17:18:56', '2024-04-25 17:18:56', NULL),
(764, 61, 16, '2024-04-25 17:18:56', '2024-04-25 17:18:56', NULL),
(765, 62, 1, '2024-04-25 17:19:22', '2024-04-25 17:19:22', NULL),
(766, 62, 2, '2024-04-25 17:19:22', '2024-04-25 17:19:22', NULL),
(767, 62, 3, '2024-04-25 17:19:22', '2024-04-25 17:19:22', NULL),
(768, 62, 4, '2024-04-25 17:19:22', '2024-04-25 17:19:22', NULL),
(769, 62, 5, '2024-04-25 17:19:22', '2024-04-25 17:19:22', NULL),
(770, 62, 6, '2024-04-25 17:19:22', '2024-04-25 17:19:22', NULL),
(771, 62, 7, '2024-04-25 17:19:22', '2024-04-25 17:19:22', NULL),
(772, 62, 8, '2024-04-25 17:19:22', '2024-04-25 17:19:22', NULL),
(773, 62, 9, '2024-04-25 17:19:22', '2024-04-25 17:19:22', NULL),
(774, 62, 10, '2024-04-25 17:19:22', '2024-04-25 17:19:22', NULL),
(775, 62, 11, '2024-04-25 17:19:22', '2024-04-25 17:19:22', NULL),
(776, 62, 12, '2024-04-25 17:19:22', '2024-04-25 17:19:22', NULL),
(777, 62, 13, '2024-04-25 17:19:22', '2024-04-25 17:19:22', NULL),
(778, 62, 14, '2024-04-25 17:19:22', '2024-04-25 17:19:22', NULL),
(779, 62, 15, '2024-04-25 17:19:22', '2024-04-25 17:19:22', NULL),
(780, 62, 16, '2024-04-25 17:19:22', '2024-04-25 17:19:22', NULL),
(781, 62, 21, '2024-04-25 17:19:22', '2024-04-25 17:19:22', NULL),
(782, 62, 22, '2024-04-25 17:19:22', '2024-04-25 17:19:22', NULL),
(783, 62, 23, '2024-04-25 17:19:22', '2024-04-25 17:19:22', NULL),
(784, 62, 24, '2024-04-25 17:19:22', '2024-04-25 17:19:22', NULL),
(785, 62, 17, '2024-04-25 17:19:22', '2024-04-25 17:19:22', NULL),
(786, 62, 18, '2024-04-25 17:19:22', '2024-04-25 17:19:22', NULL),
(787, 62, 19, '2024-04-25 17:19:22', '2024-04-25 17:19:22', NULL),
(788, 62, 20, '2024-04-25 17:19:22', '2024-04-25 17:19:22', NULL),
(789, 62, 25, '2024-04-25 17:19:22', '2024-04-25 17:19:22', NULL),
(790, 62, 26, '2024-04-25 17:19:22', '2024-04-25 17:19:22', NULL),
(791, 62, 27, '2024-04-25 17:19:22', '2024-04-25 17:19:22', NULL),
(792, 62, 28, '2024-04-25 17:19:22', '2024-04-25 17:19:22', NULL),
(793, 62, 29, '2024-04-25 17:19:22', '2024-04-25 17:19:22', NULL),
(794, 62, 30, '2024-04-25 17:19:22', '2024-04-25 17:19:22', NULL),
(795, 62, 31, '2024-04-25 17:19:22', '2024-04-25 17:19:22', NULL),
(796, 62, 32, '2024-04-25 17:19:22', '2024-04-25 17:19:22', NULL),
(797, 62, 33, '2024-04-25 17:19:22', '2024-04-25 17:19:22', NULL),
(798, 62, 34, '2024-04-25 17:19:22', '2024-04-25 17:19:22', NULL),
(799, 62, 35, '2024-04-25 17:19:22', '2024-04-25 17:19:22', NULL),
(800, 62, 36, '2024-04-25 17:19:22', '2024-04-25 17:19:22', NULL),
(801, 62, 37, '2024-04-25 17:19:22', '2024-04-25 17:19:22', NULL),
(802, 62, 38, '2024-04-25 17:19:22', '2024-04-25 17:19:22', NULL),
(803, 62, 39, '2024-04-25 17:19:22', '2024-04-25 17:19:22', NULL),
(804, 62, 40, '2024-04-25 17:19:22', '2024-04-25 17:19:22', NULL),
(805, 63, 1, '2024-04-25 17:19:22', '2024-04-25 17:19:22', NULL),
(806, 63, 2, '2024-04-25 17:19:22', '2024-04-25 17:19:22', NULL),
(807, 63, 3, '2024-04-25 17:19:22', '2024-04-25 17:19:22', NULL),
(808, 63, 4, '2024-04-25 17:19:22', '2024-04-25 17:19:22', NULL),
(809, 63, 5, '2024-04-25 17:19:22', '2024-04-25 17:19:22', NULL),
(810, 63, 6, '2024-04-25 17:19:22', '2024-04-25 17:19:22', NULL),
(811, 63, 7, '2024-04-25 17:19:22', '2024-04-25 17:19:22', NULL),
(812, 63, 8, '2024-04-25 17:19:22', '2024-04-25 17:19:22', NULL),
(813, 63, 9, '2024-04-25 17:19:22', '2024-04-25 17:19:22', NULL),
(814, 63, 10, '2024-04-25 17:19:22', '2024-04-25 17:19:22', NULL),
(815, 63, 11, '2024-04-25 17:19:22', '2024-04-25 17:19:22', NULL),
(816, 63, 12, '2024-04-25 17:19:22', '2024-04-25 17:19:22', NULL),
(817, 63, 13, '2024-04-25 17:19:22', '2024-04-25 17:19:22', NULL),
(818, 63, 14, '2024-04-25 17:19:22', '2024-04-25 17:19:22', NULL),
(819, 63, 15, '2024-04-25 17:19:22', '2024-04-25 17:19:22', NULL),
(820, 63, 16, '2024-04-25 17:19:22', '2024-04-25 17:19:22', NULL),
(821, 63, 21, '2024-04-25 17:19:22', '2024-04-25 17:19:22', NULL),
(822, 63, 22, '2024-04-25 17:19:22', '2024-04-25 17:19:22', NULL),
(823, 63, 23, '2024-04-25 17:19:22', '2024-04-25 17:19:22', NULL),
(824, 63, 24, '2024-04-25 17:19:22', '2024-04-25 17:19:22', NULL),
(825, 63, 17, '2024-04-25 17:19:22', '2024-04-25 17:19:22', NULL),
(826, 63, 18, '2024-04-25 17:19:22', '2024-04-25 17:19:22', NULL),
(827, 63, 19, '2024-04-25 17:19:22', '2024-04-25 17:19:22', NULL),
(828, 63, 20, '2024-04-25 17:19:22', '2024-04-25 17:19:22', NULL),
(829, 63, 25, '2024-04-25 17:19:22', '2024-04-25 17:19:22', NULL),
(830, 63, 26, '2024-04-25 17:19:22', '2024-04-25 17:19:22', NULL),
(831, 63, 27, '2024-04-25 17:19:22', '2024-04-25 17:19:22', NULL),
(832, 63, 28, '2024-04-25 17:19:22', '2024-04-25 17:19:22', NULL),
(833, 63, 29, '2024-04-25 17:19:22', '2024-04-25 17:19:22', NULL),
(834, 63, 30, '2024-04-25 17:19:22', '2024-04-25 17:19:22', NULL),
(835, 63, 31, '2024-04-25 17:19:22', '2024-04-25 17:19:22', NULL),
(836, 63, 32, '2024-04-25 17:19:22', '2024-04-25 17:19:22', NULL),
(837, 63, 33, '2024-04-25 17:19:22', '2024-04-25 17:19:22', NULL),
(838, 63, 34, '2024-04-25 17:19:22', '2024-04-25 17:19:22', NULL),
(839, 63, 35, '2024-04-25 17:19:22', '2024-04-25 17:19:22', NULL),
(840, 63, 36, '2024-04-25 17:19:22', '2024-04-25 17:19:22', NULL),
(841, 63, 37, '2024-04-25 17:19:22', '2024-04-25 17:19:22', NULL),
(842, 63, 38, '2024-04-25 17:19:22', '2024-04-25 17:19:22', NULL),
(843, 63, 39, '2024-04-25 17:19:22', '2024-04-25 17:19:22', NULL),
(844, 63, 40, '2024-04-25 17:19:22', '2024-04-25 17:19:22', NULL),
(845, 64, 1, '2024-04-25 17:19:22', '2024-04-25 17:19:22', NULL),
(846, 64, 2, '2024-04-25 17:19:22', '2024-04-25 17:19:22', NULL),
(847, 64, 3, '2024-04-25 17:19:22', '2024-04-25 17:19:22', NULL),
(848, 64, 4, '2024-04-25 17:19:22', '2024-04-25 17:19:22', NULL),
(849, 64, 5, '2024-04-25 17:19:22', '2024-04-25 17:19:22', NULL),
(850, 64, 6, '2024-04-25 17:19:22', '2024-04-25 17:19:22', NULL),
(851, 64, 7, '2024-04-25 17:19:22', '2024-04-25 17:19:22', NULL),
(852, 64, 8, '2024-04-25 17:19:22', '2024-04-25 17:19:22', NULL),
(853, 64, 9, '2024-04-25 17:19:22', '2024-04-25 17:19:22', NULL),
(854, 64, 10, '2024-04-25 17:19:22', '2024-04-25 17:19:22', NULL),
(855, 64, 11, '2024-04-25 17:19:22', '2024-04-25 17:19:22', NULL),
(856, 64, 12, '2024-04-25 17:19:22', '2024-04-25 17:19:22', NULL),
(857, 64, 13, '2024-04-25 17:19:22', '2024-04-25 17:19:22', NULL),
(858, 64, 14, '2024-04-25 17:19:22', '2024-04-25 17:19:22', NULL),
(859, 64, 15, '2024-04-25 17:19:22', '2024-04-25 17:19:22', NULL),
(860, 64, 16, '2024-04-25 17:19:22', '2024-04-25 17:19:22', NULL),
(861, 64, 21, '2024-04-25 17:19:22', '2024-04-25 17:19:22', NULL),
(862, 64, 22, '2024-04-25 17:19:22', '2024-04-25 17:19:22', NULL),
(863, 64, 23, '2024-04-25 17:19:22', '2024-04-25 17:19:22', NULL),
(864, 64, 24, '2024-04-25 17:19:22', '2024-04-25 17:19:22', NULL),
(865, 64, 17, '2024-04-25 17:19:22', '2024-04-25 17:19:22', NULL),
(866, 64, 18, '2024-04-25 17:19:22', '2024-04-25 17:19:22', NULL),
(867, 64, 19, '2024-04-25 17:19:22', '2024-04-25 17:19:22', NULL),
(868, 64, 20, '2024-04-25 17:19:22', '2024-04-25 17:19:22', NULL),
(869, 64, 25, '2024-04-25 17:19:22', '2024-04-25 17:19:22', NULL),
(870, 64, 26, '2024-04-25 17:19:22', '2024-04-25 17:19:22', NULL),
(871, 64, 27, '2024-04-25 17:19:22', '2024-04-25 17:19:22', NULL),
(872, 64, 28, '2024-04-25 17:19:22', '2024-04-25 17:19:22', NULL),
(873, 64, 29, '2024-04-25 17:19:22', '2024-04-25 17:19:22', NULL),
(874, 64, 30, '2024-04-25 17:19:22', '2024-04-25 17:19:22', NULL),
(875, 64, 31, '2024-04-25 17:19:22', '2024-04-25 17:19:22', NULL),
(876, 64, 32, '2024-04-25 17:19:22', '2024-04-25 17:19:22', NULL),
(877, 64, 33, '2024-04-25 17:19:22', '2024-04-25 17:19:22', NULL),
(878, 64, 34, '2024-04-25 17:19:22', '2024-04-25 17:19:22', NULL),
(879, 64, 35, '2024-04-25 17:19:22', '2024-04-25 17:19:22', NULL),
(880, 64, 36, '2024-04-25 17:19:22', '2024-04-25 17:19:22', NULL),
(881, 64, 37, '2024-04-25 17:19:22', '2024-04-25 17:19:22', NULL),
(882, 64, 38, '2024-04-25 17:19:22', '2024-04-25 17:19:22', NULL),
(883, 64, 39, '2024-04-25 17:19:22', '2024-04-25 17:19:22', NULL),
(884, 64, 40, '2024-04-25 17:19:22', '2024-04-25 17:19:22', NULL),
(885, 65, 1, '2024-04-25 17:19:22', '2024-04-25 17:19:22', NULL),
(886, 65, 2, '2024-04-25 17:19:22', '2024-04-25 17:19:22', NULL),
(887, 65, 3, '2024-04-25 17:19:22', '2024-04-25 17:19:22', NULL),
(888, 65, 4, '2024-04-25 17:19:22', '2024-04-25 17:19:22', NULL),
(889, 65, 5, '2024-04-25 17:19:22', '2024-04-25 17:19:22', NULL),
(890, 65, 6, '2024-04-25 17:19:22', '2024-04-25 17:19:22', NULL),
(891, 65, 7, '2024-04-25 17:19:22', '2024-04-25 17:19:22', NULL),
(892, 65, 8, '2024-04-25 17:19:22', '2024-04-25 17:19:22', NULL),
(893, 65, 9, '2024-04-25 17:19:22', '2024-04-25 17:19:22', NULL),
(894, 65, 10, '2024-04-25 17:19:22', '2024-04-25 17:19:22', NULL),
(895, 65, 11, '2024-04-25 17:19:22', '2024-04-25 17:19:22', NULL),
(896, 65, 12, '2024-04-25 17:19:22', '2024-04-25 17:19:22', NULL),
(897, 65, 13, '2024-04-25 17:19:22', '2024-04-25 17:19:22', NULL),
(898, 65, 14, '2024-04-25 17:19:22', '2024-04-25 17:19:22', NULL),
(899, 65, 15, '2024-04-25 17:19:22', '2024-04-25 17:19:22', NULL),
(900, 65, 16, '2024-04-25 17:19:22', '2024-04-25 17:19:22', NULL),
(901, 65, 21, '2024-04-25 17:19:22', '2024-04-25 17:19:22', NULL),
(902, 65, 22, '2024-04-25 17:19:22', '2024-04-25 17:19:22', NULL),
(903, 65, 23, '2024-04-25 17:19:22', '2024-04-25 17:19:22', NULL),
(904, 65, 24, '2024-04-25 17:19:22', '2024-04-25 17:19:22', NULL),
(905, 65, 17, '2024-04-25 17:19:22', '2024-04-25 17:19:22', NULL),
(906, 65, 18, '2024-04-25 17:19:22', '2024-04-25 17:19:22', NULL),
(907, 65, 19, '2024-04-25 17:19:22', '2024-04-25 17:19:22', NULL),
(908, 65, 20, '2024-04-25 17:19:22', '2024-04-25 17:19:22', NULL),
(909, 65, 25, '2024-04-25 17:19:22', '2024-04-25 17:19:22', NULL),
(910, 65, 26, '2024-04-25 17:19:22', '2024-04-25 17:19:22', NULL),
(911, 65, 27, '2024-04-25 17:19:22', '2024-04-25 17:19:22', NULL),
(912, 65, 28, '2024-04-25 17:19:22', '2024-04-25 17:19:22', NULL),
(913, 65, 29, '2024-04-25 17:19:22', '2024-04-25 17:19:22', NULL),
(914, 65, 30, '2024-04-25 17:19:22', '2024-04-25 17:19:22', NULL),
(915, 65, 31, '2024-04-25 17:19:22', '2024-04-25 17:19:22', NULL),
(916, 65, 32, '2024-04-25 17:19:22', '2024-04-25 17:19:22', NULL),
(917, 65, 33, '2024-04-25 17:19:22', '2024-04-25 17:19:22', NULL),
(918, 65, 34, '2024-04-25 17:19:22', '2024-04-25 17:19:22', NULL),
(919, 65, 35, '2024-04-25 17:19:22', '2024-04-25 17:19:22', NULL),
(920, 65, 36, '2024-04-25 17:19:22', '2024-04-25 17:19:22', NULL),
(921, 65, 37, '2024-04-25 17:19:22', '2024-04-25 17:19:22', NULL),
(922, 65, 38, '2024-04-25 17:19:22', '2024-04-25 17:19:22', NULL),
(923, 65, 39, '2024-04-25 17:19:22', '2024-04-25 17:19:22', NULL),
(924, 65, 40, '2024-04-25 17:19:22', '2024-04-25 17:19:22', NULL),
(925, 66, 1, '2024-04-25 17:19:22', '2024-04-25 17:19:22', NULL),
(926, 66, 2, '2024-04-25 17:19:22', '2024-04-25 17:19:22', NULL),
(927, 66, 3, '2024-04-25 17:19:22', '2024-04-25 17:19:22', NULL),
(928, 66, 4, '2024-04-25 17:19:22', '2024-04-25 17:19:22', NULL),
(929, 66, 5, '2024-04-25 17:19:22', '2024-04-25 17:19:22', NULL),
(930, 66, 6, '2024-04-25 17:19:22', '2024-04-25 17:19:22', NULL),
(931, 66, 7, '2024-04-25 17:19:22', '2024-04-25 17:19:22', NULL),
(932, 66, 8, '2024-04-25 17:19:22', '2024-04-25 17:19:22', NULL),
(933, 66, 9, '2024-04-25 17:19:22', '2024-04-25 17:19:22', NULL),
(934, 66, 10, '2024-04-25 17:19:22', '2024-04-25 17:19:22', NULL),
(935, 66, 11, '2024-04-25 17:19:22', '2024-04-25 17:19:22', NULL),
(936, 66, 12, '2024-04-25 17:19:22', '2024-04-25 17:19:22', NULL),
(937, 66, 13, '2024-04-25 17:19:22', '2024-04-25 17:19:22', NULL),
(938, 66, 14, '2024-04-25 17:19:22', '2024-04-25 17:19:22', NULL),
(939, 66, 15, '2024-04-25 17:19:22', '2024-04-25 17:19:22', NULL),
(940, 66, 16, '2024-04-25 17:19:22', '2024-04-25 17:19:22', NULL),
(941, 66, 21, '2024-04-25 17:19:22', '2024-04-25 17:19:22', NULL),
(942, 66, 22, '2024-04-25 17:19:22', '2024-04-25 17:19:22', NULL),
(943, 66, 23, '2024-04-25 17:19:22', '2024-04-25 17:19:22', NULL),
(944, 66, 24, '2024-04-25 17:19:22', '2024-04-25 17:19:22', NULL),
(945, 66, 17, '2024-04-25 17:19:22', '2024-04-25 17:19:22', NULL),
(946, 66, 18, '2024-04-25 17:19:22', '2024-04-25 17:19:22', NULL),
(947, 66, 19, '2024-04-25 17:19:22', '2024-04-25 17:19:22', NULL),
(948, 66, 20, '2024-04-25 17:19:22', '2024-04-25 17:19:22', NULL),
(949, 66, 25, '2024-04-25 17:19:22', '2024-04-25 17:19:22', NULL),
(950, 66, 26, '2024-04-25 17:19:22', '2024-04-25 17:19:22', NULL),
(951, 66, 27, '2024-04-25 17:19:22', '2024-04-25 17:19:22', NULL),
(952, 66, 28, '2024-04-25 17:19:22', '2024-04-25 17:19:22', NULL),
(953, 66, 29, '2024-04-25 17:19:22', '2024-04-25 17:19:22', NULL),
(954, 66, 30, '2024-04-25 17:19:22', '2024-04-25 17:19:22', NULL),
(955, 66, 31, '2024-04-25 17:19:22', '2024-04-25 17:19:22', NULL),
(956, 66, 32, '2024-04-25 17:19:22', '2024-04-25 17:19:22', NULL),
(957, 66, 33, '2024-04-25 17:19:22', '2024-04-25 17:19:22', NULL),
(958, 66, 34, '2024-04-25 17:19:22', '2024-04-25 17:19:22', NULL),
(959, 66, 35, '2024-04-25 17:19:22', '2024-04-25 17:19:22', NULL),
(960, 66, 36, '2024-04-25 17:19:22', '2024-04-25 17:19:22', NULL),
(961, 66, 37, '2024-04-25 17:19:22', '2024-04-25 17:19:22', NULL),
(962, 66, 38, '2024-04-25 17:19:22', '2024-04-25 17:19:22', NULL),
(963, 66, 39, '2024-04-25 17:19:22', '2024-04-25 17:19:22', NULL),
(964, 66, 40, '2024-04-25 17:19:22', '2024-04-25 17:19:22', NULL),
(965, 67, 1, '2024-04-27 15:58:30', '2024-04-27 15:58:30', NULL),
(966, 67, 2, '2024-04-27 15:58:30', '2024-04-27 15:58:30', NULL),
(967, 67, 3, '2024-04-27 15:58:30', '2024-04-27 15:58:30', NULL),
(968, 67, 4, '2024-04-27 15:58:30', '2024-04-27 15:58:30', NULL),
(969, 67, 5, '2024-04-27 15:58:30', '2024-04-27 15:58:30', NULL),
(970, 67, 6, '2024-04-27 15:58:30', '2024-04-27 15:58:30', NULL),
(971, 67, 7, '2024-04-27 15:58:30', '2024-04-27 15:58:30', NULL),
(972, 67, 8, '2024-04-27 15:58:30', '2024-04-27 15:58:30', NULL),
(973, 67, 9, '2024-04-27 15:58:30', '2024-04-27 15:58:30', NULL),
(974, 67, 10, '2024-04-27 15:58:30', '2024-04-27 15:58:30', NULL),
(975, 67, 11, '2024-04-27 15:58:30', '2024-04-27 15:58:30', NULL),
(976, 67, 12, '2024-04-27 15:58:30', '2024-04-27 15:58:30', NULL),
(977, 68, 1, '2024-04-27 15:58:30', '2024-04-27 15:58:30', NULL),
(978, 68, 2, '2024-04-27 15:58:30', '2024-04-27 15:58:30', NULL),
(979, 68, 3, '2024-04-27 15:58:30', '2024-04-27 15:58:30', NULL),
(980, 68, 4, '2024-04-27 15:58:30', '2024-04-27 15:58:30', NULL),
(981, 68, 5, '2024-04-27 15:58:30', '2024-04-27 15:58:30', NULL),
(982, 68, 6, '2024-04-27 15:58:30', '2024-04-27 15:58:30', NULL),
(983, 68, 7, '2024-04-27 15:58:30', '2024-04-27 15:58:30', NULL),
(984, 68, 8, '2024-04-27 15:58:30', '2024-04-27 15:58:30', NULL),
(985, 68, 9, '2024-04-27 15:58:30', '2024-04-27 15:58:30', NULL),
(986, 68, 10, '2024-04-27 15:58:30', '2024-04-27 15:58:30', NULL),
(987, 68, 11, '2024-04-27 15:58:30', '2024-04-27 15:58:30', NULL),
(988, 68, 12, '2024-04-27 15:58:30', '2024-04-27 15:58:30', NULL),
(989, 69, 1, '2024-04-27 15:58:30', '2024-04-27 15:58:30', NULL),
(990, 69, 2, '2024-04-27 15:58:30', '2024-04-27 15:58:30', NULL),
(991, 69, 3, '2024-04-27 15:58:30', '2024-04-27 15:58:30', NULL),
(992, 69, 4, '2024-04-27 15:58:30', '2024-04-27 15:58:30', NULL),
(993, 69, 5, '2024-04-27 15:58:30', '2024-04-27 15:58:30', NULL),
(994, 69, 6, '2024-04-27 15:58:30', '2024-04-27 15:58:30', NULL),
(995, 69, 7, '2024-04-27 15:58:30', '2024-04-27 15:58:30', NULL),
(996, 69, 8, '2024-04-27 15:58:30', '2024-04-27 15:58:30', NULL),
(997, 69, 9, '2024-04-27 15:58:30', '2024-04-27 15:58:30', NULL),
(998, 69, 10, '2024-04-27 15:58:30', '2024-04-27 15:58:30', NULL),
(999, 69, 11, '2024-04-27 15:58:30', '2024-04-27 15:58:30', NULL),
(1000, 69, 12, '2024-04-27 15:58:30', '2024-04-27 15:58:30', NULL),
(1001, 70, 1, '2024-04-27 15:58:30', '2024-04-27 15:58:30', NULL),
(1002, 70, 2, '2024-04-27 15:58:30', '2024-04-27 15:58:30', NULL),
(1003, 70, 3, '2024-04-27 15:58:30', '2024-04-27 15:58:30', NULL),
(1004, 70, 4, '2024-04-27 15:58:30', '2024-04-27 15:58:30', NULL),
(1005, 70, 5, '2024-04-27 15:58:30', '2024-04-27 15:58:30', NULL),
(1006, 70, 6, '2024-04-27 15:58:30', '2024-04-27 15:58:30', NULL),
(1007, 70, 7, '2024-04-27 15:58:30', '2024-04-27 15:58:30', NULL),
(1008, 70, 8, '2024-04-27 15:58:30', '2024-04-27 15:58:30', NULL),
(1009, 70, 9, '2024-04-27 15:58:30', '2024-04-27 15:58:30', NULL),
(1010, 70, 10, '2024-04-27 15:58:30', '2024-04-27 15:58:30', NULL),
(1011, 70, 11, '2024-04-27 15:58:30', '2024-04-27 15:58:30', NULL),
(1012, 70, 12, '2024-04-27 15:58:30', '2024-04-27 15:58:30', NULL),
(1013, 71, 1, '2024-04-27 15:58:30', '2024-04-27 15:58:30', NULL),
(1014, 71, 2, '2024-04-27 15:58:30', '2024-04-27 15:58:30', NULL),
(1015, 71, 3, '2024-04-27 15:58:30', '2024-04-27 15:58:30', NULL),
(1016, 71, 4, '2024-04-27 15:58:30', '2024-04-27 15:58:30', NULL),
(1017, 71, 5, '2024-04-27 15:58:30', '2024-04-27 15:58:30', NULL),
(1018, 71, 6, '2024-04-27 15:58:30', '2024-04-27 15:58:30', NULL),
(1019, 71, 7, '2024-04-27 15:58:30', '2024-04-27 15:58:30', NULL),
(1020, 71, 8, '2024-04-27 15:58:30', '2024-04-27 15:58:30', NULL),
(1021, 71, 9, '2024-04-27 15:58:30', '2024-04-27 15:58:30', NULL),
(1022, 71, 10, '2024-04-27 15:58:30', '2024-04-27 15:58:30', NULL),
(1023, 71, 11, '2024-04-27 15:58:30', '2024-04-27 15:58:30', NULL),
(1024, 71, 12, '2024-04-27 15:58:30', '2024-04-27 15:58:30', NULL),
(1025, 72, 1, '2024-04-29 09:21:39', '2024-04-29 09:21:39', NULL),
(1026, 72, 2, '2024-04-29 09:21:39', '2024-04-29 09:21:39', NULL),
(1027, 72, 3, '2024-04-29 09:21:39', '2024-04-29 09:21:39', NULL),
(1028, 72, 4, '2024-04-29 09:21:39', '2024-04-29 09:21:39', NULL),
(1029, 72, 5, '2024-04-29 09:21:39', '2024-04-29 09:21:39', NULL),
(1030, 72, 6, '2024-04-29 09:21:39', '2024-04-29 09:21:39', NULL),
(1031, 72, 7, '2024-04-29 09:21:39', '2024-04-29 09:21:39', NULL),
(1032, 72, 8, '2024-04-29 09:21:39', '2024-04-29 09:21:39', NULL),
(1033, 72, 9, '2024-04-29 09:21:39', '2024-04-29 09:21:39', NULL),
(1034, 72, 10, '2024-04-29 09:21:39', '2024-04-29 09:21:39', NULL),
(1035, 72, 11, '2024-04-29 09:21:39', '2024-04-29 09:21:39', NULL),
(1036, 72, 12, '2024-04-29 09:21:39', '2024-04-29 09:21:39', NULL),
(1037, 72, 13, '2024-04-29 09:21:39', '2024-04-29 09:21:39', NULL),
(1038, 72, 14, '2024-04-29 09:21:39', '2024-04-29 09:21:39', NULL),
(1039, 72, 15, '2024-04-29 09:21:39', '2024-04-29 09:21:39', NULL),
(1040, 72, 16, '2024-04-29 09:21:39', '2024-04-29 09:21:39', NULL),
(1041, 73, 1, '2024-04-29 09:21:39', '2024-04-29 09:21:39', NULL),
(1042, 73, 2, '2024-04-29 09:21:39', '2024-04-29 09:21:39', NULL),
(1043, 73, 3, '2024-04-29 09:21:39', '2024-04-29 09:21:39', NULL),
(1044, 73, 4, '2024-04-29 09:21:39', '2024-04-29 09:21:39', NULL),
(1045, 73, 5, '2024-04-29 09:21:39', '2024-04-29 09:21:39', NULL),
(1046, 73, 6, '2024-04-29 09:21:39', '2024-04-29 09:21:39', NULL),
(1047, 73, 7, '2024-04-29 09:21:39', '2024-04-29 09:21:39', NULL),
(1048, 73, 8, '2024-04-29 09:21:39', '2024-04-29 09:21:39', NULL),
(1049, 73, 9, '2024-04-29 09:21:39', '2024-04-29 09:21:39', NULL),
(1050, 73, 10, '2024-04-29 09:21:39', '2024-04-29 09:21:39', NULL),
(1051, 73, 11, '2024-04-29 09:21:39', '2024-04-29 09:21:39', NULL),
(1052, 73, 12, '2024-04-29 09:21:39', '2024-04-29 09:21:39', NULL),
(1053, 73, 13, '2024-04-29 09:21:39', '2024-04-29 09:21:39', NULL),
(1054, 73, 14, '2024-04-29 09:21:39', '2024-04-29 09:21:39', NULL),
(1055, 73, 15, '2024-04-29 09:21:39', '2024-04-29 09:21:39', NULL),
(1056, 73, 16, '2024-04-29 09:21:39', '2024-04-29 09:21:39', NULL),
(1057, 74, 1, '2024-04-29 09:21:39', '2024-04-29 09:21:39', NULL),
(1058, 74, 2, '2024-04-29 09:21:39', '2024-04-29 09:21:39', NULL),
(1059, 74, 3, '2024-04-29 09:21:39', '2024-04-29 09:21:39', NULL),
(1060, 74, 4, '2024-04-29 09:21:39', '2024-04-29 09:21:39', NULL),
(1061, 74, 5, '2024-04-29 09:21:39', '2024-04-29 09:21:39', NULL),
(1062, 74, 6, '2024-04-29 09:21:39', '2024-04-29 09:21:39', NULL),
(1063, 74, 7, '2024-04-29 09:21:39', '2024-04-29 09:21:39', NULL),
(1064, 74, 8, '2024-04-29 09:21:39', '2024-04-29 09:21:39', NULL),
(1065, 74, 9, '2024-04-29 09:21:39', '2024-04-29 09:21:39', NULL),
(1066, 74, 10, '2024-04-29 09:21:39', '2024-04-29 09:21:39', NULL),
(1067, 74, 11, '2024-04-29 09:21:39', '2024-04-29 09:21:39', NULL),
(1068, 74, 12, '2024-04-29 09:21:39', '2024-04-29 09:21:39', NULL),
(1069, 74, 13, '2024-04-29 09:21:39', '2024-04-29 09:21:39', NULL),
(1070, 74, 14, '2024-04-29 09:21:39', '2024-04-29 09:21:39', NULL),
(1071, 74, 15, '2024-04-29 09:21:39', '2024-04-29 09:21:39', NULL),
(1072, 74, 16, '2024-04-29 09:21:39', '2024-04-29 09:21:39', NULL),
(1073, 75, 1, '2024-04-29 09:21:39', '2024-04-29 09:21:39', NULL),
(1074, 75, 2, '2024-04-29 09:21:39', '2024-04-29 09:21:39', NULL),
(1075, 75, 3, '2024-04-29 09:21:39', '2024-04-29 09:21:39', NULL),
(1076, 75, 4, '2024-04-29 09:21:39', '2024-04-29 09:21:39', NULL),
(1077, 75, 5, '2024-04-29 09:21:39', '2024-04-29 09:21:39', NULL),
(1078, 75, 6, '2024-04-29 09:21:39', '2024-04-29 09:21:39', NULL),
(1079, 75, 7, '2024-04-29 09:21:39', '2024-04-29 09:21:39', NULL),
(1080, 75, 8, '2024-04-29 09:21:39', '2024-04-29 09:21:39', NULL),
(1081, 75, 9, '2024-04-29 09:21:39', '2024-04-29 09:21:39', NULL),
(1082, 75, 10, '2024-04-29 09:21:39', '2024-04-29 09:21:39', NULL),
(1083, 75, 11, '2024-04-29 09:21:39', '2024-04-29 09:21:39', NULL),
(1084, 75, 12, '2024-04-29 09:21:39', '2024-04-29 09:21:39', NULL),
(1085, 75, 13, '2024-04-29 09:21:39', '2024-04-29 09:21:39', NULL),
(1086, 75, 14, '2024-04-29 09:21:39', '2024-04-29 09:21:39', NULL),
(1087, 75, 15, '2024-04-29 09:21:39', '2024-04-29 09:21:39', NULL),
(1088, 75, 16, '2024-04-29 09:21:39', '2024-04-29 09:21:39', NULL),
(1089, 76, 1, '2024-04-29 09:21:39', '2024-04-29 09:21:39', NULL),
(1090, 76, 2, '2024-04-29 09:21:39', '2024-04-29 09:21:39', NULL),
(1091, 76, 3, '2024-04-29 09:21:39', '2024-04-29 09:21:39', NULL),
(1092, 76, 4, '2024-04-29 09:21:39', '2024-04-29 09:21:39', NULL),
(1093, 76, 5, '2024-04-29 09:21:39', '2024-04-29 09:21:39', NULL),
(1094, 76, 6, '2024-04-29 09:21:39', '2024-04-29 09:21:39', NULL),
(1095, 76, 7, '2024-04-29 09:21:39', '2024-04-29 09:21:39', NULL),
(1096, 76, 8, '2024-04-29 09:21:39', '2024-04-29 09:21:39', NULL),
(1097, 76, 9, '2024-04-29 09:21:39', '2024-04-29 09:21:39', NULL),
(1098, 76, 10, '2024-04-29 09:21:39', '2024-04-29 09:21:39', NULL),
(1099, 76, 11, '2024-04-29 09:21:39', '2024-04-29 09:21:39', NULL),
(1100, 76, 12, '2024-04-29 09:21:39', '2024-04-29 09:21:39', NULL),
(1101, 76, 13, '2024-04-29 09:21:39', '2024-04-29 09:21:39', NULL),
(1102, 76, 14, '2024-04-29 09:21:39', '2024-04-29 09:21:39', NULL),
(1103, 76, 15, '2024-04-29 09:21:39', '2024-04-29 09:21:39', NULL),
(1104, 76, 16, '2024-04-29 09:21:39', '2024-04-29 09:21:39', NULL),
(1105, 77, 1, '2024-04-29 10:48:08', '2024-04-29 10:48:08', NULL),
(1106, 77, 2, '2024-04-29 10:48:08', '2024-04-29 10:48:08', NULL),
(1107, 77, 3, '2024-04-29 10:48:08', '2024-04-29 10:48:08', NULL),
(1108, 77, 4, '2024-04-29 10:48:08', '2024-04-29 10:48:08', NULL),
(1109, 77, 5, '2024-04-29 10:48:08', '2024-04-29 10:48:08', NULL),
(1110, 77, 6, '2024-04-29 10:48:08', '2024-04-29 10:48:08', NULL),
(1111, 77, 7, '2024-04-29 10:48:08', '2024-04-29 10:48:08', NULL),
(1112, 77, 8, '2024-04-29 10:48:08', '2024-04-29 10:48:08', NULL),
(1113, 77, 9, '2024-04-29 10:48:08', '2024-04-29 10:48:08', NULL),
(1114, 77, 10, '2024-04-29 10:48:08', '2024-04-29 10:48:08', NULL),
(1115, 77, 11, '2024-04-29 10:48:08', '2024-04-29 10:48:08', NULL),
(1116, 77, 12, '2024-04-29 10:48:08', '2024-04-29 10:48:08', NULL),
(1117, 77, 13, '2024-04-29 10:48:08', '2024-04-29 10:48:08', NULL),
(1118, 77, 14, '2024-04-29 10:48:08', '2024-04-29 10:48:08', NULL),
(1119, 77, 15, '2024-04-29 10:48:08', '2024-04-29 10:48:08', NULL),
(1120, 77, 16, '2024-04-29 10:48:08', '2024-04-29 10:48:08', NULL),
(1121, 78, 1, '2024-04-29 10:48:08', '2024-04-29 10:48:08', NULL),
(1122, 78, 2, '2024-04-29 10:48:08', '2024-04-29 10:48:08', NULL),
(1123, 78, 3, '2024-04-29 10:48:08', '2024-04-29 10:48:08', NULL),
(1124, 78, 4, '2024-04-29 10:48:08', '2024-04-29 10:48:08', NULL),
(1125, 78, 5, '2024-04-29 10:48:08', '2024-04-29 10:48:08', NULL),
(1126, 78, 6, '2024-04-29 10:48:08', '2024-04-29 10:48:08', NULL),
(1127, 78, 7, '2024-04-29 10:48:08', '2024-04-29 10:48:08', NULL),
(1128, 78, 8, '2024-04-29 10:48:08', '2024-04-29 10:48:08', NULL),
(1129, 78, 9, '2024-04-29 10:48:08', '2024-04-29 10:48:08', NULL),
(1130, 78, 10, '2024-04-29 10:48:08', '2024-04-29 10:48:08', NULL),
(1131, 78, 11, '2024-04-29 10:48:08', '2024-04-29 10:48:08', NULL),
(1132, 78, 12, '2024-04-29 10:48:08', '2024-04-29 10:48:08', NULL),
(1133, 78, 13, '2024-04-29 10:48:08', '2024-04-29 10:48:08', NULL),
(1134, 78, 14, '2024-04-29 10:48:08', '2024-04-29 10:48:08', NULL),
(1135, 78, 15, '2024-04-29 10:48:08', '2024-04-29 10:48:08', NULL),
(1136, 78, 16, '2024-04-29 10:48:08', '2024-04-29 10:48:08', NULL),
(1137, 79, 1, '2024-04-29 10:48:08', '2024-04-29 10:48:08', NULL),
(1138, 79, 2, '2024-04-29 10:48:08', '2024-04-29 10:48:08', NULL),
(1139, 79, 3, '2024-04-29 10:48:08', '2024-04-29 10:48:08', NULL),
(1140, 79, 4, '2024-04-29 10:48:08', '2024-04-29 10:48:08', NULL),
(1141, 79, 5, '2024-04-29 10:48:08', '2024-04-29 10:48:08', NULL),
(1142, 79, 6, '2024-04-29 10:48:08', '2024-04-29 10:48:08', NULL),
(1143, 79, 7, '2024-04-29 10:48:08', '2024-04-29 10:48:08', NULL),
(1144, 79, 8, '2024-04-29 10:48:08', '2024-04-29 10:48:08', NULL),
(1145, 79, 9, '2024-04-29 10:48:08', '2024-04-29 10:48:08', NULL),
(1146, 79, 10, '2024-04-29 10:48:08', '2024-04-29 10:48:08', NULL),
(1147, 79, 11, '2024-04-29 10:48:08', '2024-04-29 10:48:08', NULL),
(1148, 79, 12, '2024-04-29 10:48:08', '2024-04-29 10:48:08', NULL),
(1149, 79, 13, '2024-04-29 10:48:08', '2024-04-29 10:48:08', NULL),
(1150, 79, 14, '2024-04-29 10:48:08', '2024-04-29 10:48:08', NULL),
(1151, 79, 15, '2024-04-29 10:48:08', '2024-04-29 10:48:08', NULL),
(1152, 79, 16, '2024-04-29 10:48:08', '2024-04-29 10:48:08', NULL),
(1153, 80, 1, '2024-04-29 10:48:08', '2024-04-29 10:48:08', NULL),
(1154, 80, 2, '2024-04-29 10:48:08', '2024-04-29 10:48:08', NULL),
(1155, 80, 3, '2024-04-29 10:48:08', '2024-04-29 10:48:08', NULL),
(1156, 80, 4, '2024-04-29 10:48:08', '2024-04-29 10:48:08', NULL),
(1157, 80, 5, '2024-04-29 10:48:08', '2024-04-29 10:48:08', NULL),
(1158, 80, 6, '2024-04-29 10:48:08', '2024-04-29 10:48:08', NULL),
(1159, 80, 7, '2024-04-29 10:48:08', '2024-04-29 10:48:08', NULL),
(1160, 80, 8, '2024-04-29 10:48:08', '2024-04-29 10:48:08', NULL),
(1161, 80, 9, '2024-04-29 10:48:08', '2024-04-29 10:48:08', NULL),
(1162, 80, 10, '2024-04-29 10:48:08', '2024-04-29 10:48:08', NULL),
(1163, 80, 11, '2024-04-29 10:48:08', '2024-04-29 10:48:08', NULL),
(1164, 80, 12, '2024-04-29 10:48:08', '2024-04-29 10:48:08', NULL),
(1165, 80, 13, '2024-04-29 10:48:08', '2024-04-29 10:48:08', NULL),
(1166, 80, 14, '2024-04-29 10:48:08', '2024-04-29 10:48:08', NULL),
(1167, 80, 15, '2024-04-29 10:48:08', '2024-04-29 10:48:08', NULL),
(1168, 80, 16, '2024-04-29 10:48:08', '2024-04-29 10:48:08', NULL),
(1169, 81, 1, '2024-04-29 10:48:08', '2024-04-29 10:48:08', NULL),
(1170, 81, 2, '2024-04-29 10:48:08', '2024-04-29 10:48:08', NULL),
(1171, 81, 3, '2024-04-29 10:48:08', '2024-04-29 10:48:08', NULL),
(1172, 81, 4, '2024-04-29 10:48:08', '2024-04-29 10:48:08', NULL),
(1173, 81, 5, '2024-04-29 10:48:08', '2024-04-29 10:48:08', NULL),
(1174, 81, 6, '2024-04-29 10:48:08', '2024-04-29 10:48:08', NULL),
(1175, 81, 7, '2024-04-29 10:48:08', '2024-04-29 10:48:08', NULL),
(1176, 81, 8, '2024-04-29 10:48:08', '2024-04-29 10:48:08', NULL),
(1177, 81, 9, '2024-04-29 10:48:08', '2024-04-29 10:48:08', NULL),
(1178, 81, 10, '2024-04-29 10:48:08', '2024-04-29 10:48:08', NULL),
(1179, 81, 11, '2024-04-29 10:48:08', '2024-04-29 10:48:08', NULL),
(1180, 81, 12, '2024-04-29 10:48:08', '2024-04-29 10:48:08', NULL),
(1181, 81, 13, '2024-04-29 10:48:08', '2024-04-29 10:48:08', NULL),
(1182, 81, 14, '2024-04-29 10:48:08', '2024-04-29 10:48:08', NULL),
(1183, 81, 15, '2024-04-29 10:48:08', '2024-04-29 10:48:08', NULL),
(1184, 81, 16, '2024-04-29 10:48:08', '2024-04-29 10:48:08', NULL),
(1185, 82, 1, '2024-04-29 14:23:48', '2024-04-29 14:23:48', NULL),
(1186, 82, 2, '2024-04-29 14:23:48', '2024-04-29 14:23:48', NULL),
(1187, 82, 3, '2024-04-29 14:23:48', '2024-04-29 14:23:48', NULL),
(1188, 82, 4, '2024-04-29 14:23:48', '2024-04-29 14:23:48', NULL),
(1189, 82, 5, '2024-04-29 14:23:48', '2024-04-29 14:23:48', NULL),
(1190, 82, 6, '2024-04-29 14:23:48', '2024-04-29 14:23:48', NULL),
(1191, 82, 7, '2024-04-29 14:23:48', '2024-04-29 14:23:48', NULL),
(1192, 82, 8, '2024-04-29 14:23:48', '2024-04-29 14:23:48', NULL),
(1193, 82, 9, '2024-04-29 14:23:48', '2024-04-29 14:23:48', NULL),
(1194, 82, 10, '2024-04-29 14:23:48', '2024-04-29 14:23:48', NULL),
(1195, 82, 11, '2024-04-29 14:23:48', '2024-04-29 14:23:48', NULL),
(1196, 82, 12, '2024-04-29 14:23:48', '2024-04-29 14:23:48', NULL),
(1197, 82, 13, '2024-04-29 14:23:48', '2024-04-29 14:23:48', NULL),
(1198, 82, 14, '2024-04-29 14:23:48', '2024-04-29 14:23:48', NULL),
(1199, 82, 15, '2024-04-29 14:23:48', '2024-04-29 14:23:48', NULL),
(1200, 82, 16, '2024-04-29 14:23:48', '2024-04-29 14:23:48', NULL),
(1201, 82, 17, '2024-04-29 14:23:48', '2024-04-29 14:23:48', NULL),
(1202, 82, 18, '2024-04-29 14:23:48', '2024-04-29 14:23:48', NULL),
(1203, 82, 19, '2024-04-29 14:23:48', '2024-04-29 14:23:48', NULL),
(1204, 82, 20, '2024-04-29 14:23:48', '2024-04-29 14:23:48', NULL),
(1205, 83, 1, '2024-04-29 14:23:48', '2024-04-29 14:23:48', NULL),
(1206, 83, 2, '2024-04-29 14:23:48', '2024-04-29 14:23:48', NULL),
(1207, 83, 3, '2024-04-29 14:23:48', '2024-04-29 14:23:48', NULL),
(1208, 83, 4, '2024-04-29 14:23:48', '2024-04-29 14:23:48', NULL),
(1209, 83, 5, '2024-04-29 14:23:48', '2024-04-29 14:23:48', NULL),
(1210, 83, 6, '2024-04-29 14:23:48', '2024-04-29 14:23:48', NULL),
(1211, 83, 7, '2024-04-29 14:23:48', '2024-04-29 14:23:48', NULL),
(1212, 83, 8, '2024-04-29 14:23:48', '2024-04-29 14:23:48', NULL),
(1213, 83, 9, '2024-04-29 14:23:48', '2024-04-29 14:23:48', NULL),
(1214, 83, 10, '2024-04-29 14:23:48', '2024-04-29 14:23:48', NULL),
(1215, 83, 11, '2024-04-29 14:23:48', '2024-04-29 14:23:48', NULL),
(1216, 83, 12, '2024-04-29 14:23:48', '2024-04-29 14:23:48', NULL),
(1217, 83, 13, '2024-04-29 14:23:48', '2024-04-29 14:23:48', NULL),
(1218, 83, 14, '2024-04-29 14:23:48', '2024-04-29 14:23:48', NULL),
(1219, 83, 15, '2024-04-29 14:23:48', '2024-04-29 14:23:48', NULL),
(1220, 83, 16, '2024-04-29 14:23:48', '2024-04-29 14:23:48', NULL),
(1221, 84, 1, '2024-04-29 14:23:48', '2024-04-29 14:23:48', NULL),
(1222, 84, 2, '2024-04-29 14:23:48', '2024-04-29 14:23:48', NULL),
(1223, 84, 3, '2024-04-29 14:23:48', '2024-04-29 14:23:48', NULL),
(1224, 84, 4, '2024-04-29 14:23:48', '2024-04-29 14:23:48', NULL),
(1225, 84, 5, '2024-04-29 14:23:48', '2024-04-29 14:23:48', NULL),
(1226, 84, 6, '2024-04-29 14:23:48', '2024-04-29 14:23:48', NULL),
(1227, 84, 7, '2024-04-29 14:23:48', '2024-04-29 14:23:48', NULL),
(1228, 84, 8, '2024-04-29 14:23:48', '2024-04-29 14:23:48', NULL),
(1229, 84, 9, '2024-04-29 14:23:48', '2024-04-29 14:23:48', NULL),
(1230, 84, 10, '2024-04-29 14:23:48', '2024-04-29 14:23:48', NULL),
(1231, 84, 11, '2024-04-29 14:23:48', '2024-04-29 14:23:48', NULL),
(1232, 84, 12, '2024-04-29 14:23:48', '2024-04-29 14:23:48', NULL),
(1233, 84, 13, '2024-04-29 14:23:48', '2024-04-29 14:23:48', NULL),
(1234, 84, 14, '2024-04-29 14:23:48', '2024-04-29 14:23:48', NULL),
(1235, 84, 15, '2024-04-29 14:23:48', '2024-04-29 14:23:48', NULL),
(1236, 84, 16, '2024-04-29 14:23:48', '2024-04-29 14:23:48', NULL),
(1237, 85, 1, '2024-04-29 14:23:48', '2024-04-29 14:23:48', NULL),
(1238, 85, 2, '2024-04-29 14:23:48', '2024-04-29 14:23:48', NULL),
(1239, 85, 3, '2024-04-29 14:23:48', '2024-04-29 14:23:48', NULL),
(1240, 85, 4, '2024-04-29 14:23:48', '2024-04-29 14:23:48', NULL),
(1241, 85, 5, '2024-04-29 14:23:48', '2024-04-29 14:23:48', NULL),
(1242, 85, 6, '2024-04-29 14:23:48', '2024-04-29 14:23:48', NULL),
(1243, 85, 7, '2024-04-29 14:23:48', '2024-04-29 14:23:48', NULL),
(1244, 85, 8, '2024-04-29 14:23:48', '2024-04-29 14:23:48', NULL),
(1245, 85, 9, '2024-04-29 14:23:48', '2024-04-29 14:23:48', NULL),
(1246, 85, 10, '2024-04-29 14:23:48', '2024-04-29 14:23:48', NULL),
(1247, 85, 11, '2024-04-29 14:23:48', '2024-04-29 14:23:48', NULL),
(1248, 85, 12, '2024-04-29 14:23:48', '2024-04-29 14:23:48', NULL),
(1249, 85, 13, '2024-04-29 14:23:48', '2024-04-29 14:23:48', NULL),
(1250, 85, 14, '2024-04-29 14:23:48', '2024-04-29 14:23:48', NULL),
(1251, 85, 15, '2024-04-29 14:23:48', '2024-04-29 14:23:48', NULL),
(1252, 85, 16, '2024-04-29 14:23:48', '2024-04-29 14:23:48', NULL),
(1253, 86, 1, '2024-04-29 14:23:48', '2024-04-29 14:23:48', NULL),
(1254, 86, 2, '2024-04-29 14:23:48', '2024-04-29 14:23:48', NULL),
(1255, 86, 3, '2024-04-29 14:23:48', '2024-04-29 14:23:48', NULL),
(1256, 86, 4, '2024-04-29 14:23:48', '2024-04-29 14:23:48', NULL),
(1257, 86, 5, '2024-04-29 14:23:48', '2024-04-29 14:23:48', NULL),
(1258, 86, 6, '2024-04-29 14:23:48', '2024-04-29 14:23:48', NULL),
(1259, 86, 7, '2024-04-29 14:23:48', '2024-04-29 14:23:48', NULL),
(1260, 86, 8, '2024-04-29 14:23:48', '2024-04-29 14:23:48', NULL),
(1261, 86, 9, '2024-04-29 14:23:48', '2024-04-29 14:23:48', NULL),
(1262, 86, 10, '2024-04-29 14:23:48', '2024-04-29 14:23:48', NULL),
(1263, 86, 11, '2024-04-29 14:23:48', '2024-04-29 14:23:48', NULL),
(1264, 86, 12, '2024-04-29 14:23:48', '2024-04-29 14:23:48', NULL),
(1265, 86, 13, '2024-04-29 14:23:48', '2024-04-29 14:23:48', NULL),
(1266, 86, 14, '2024-04-29 14:23:48', '2024-04-29 14:23:48', NULL),
(1267, 86, 15, '2024-04-29 14:23:48', '2024-04-29 14:23:48', NULL),
(1268, 86, 16, '2024-04-29 14:23:48', '2024-04-29 14:23:48', NULL),
(1269, 87, 5, '2024-04-29 15:12:20', '2024-04-29 15:12:20', NULL),
(1270, 87, 6, '2024-04-29 15:12:20', '2024-04-29 15:12:20', NULL),
(1271, 87, 7, '2024-04-29 15:12:20', '2024-04-29 15:12:20', NULL),
(1272, 87, 8, '2024-04-29 15:12:20', '2024-04-29 15:12:20', NULL),
(1273, 87, 9, '2024-04-29 15:12:20', '2024-04-29 15:12:20', NULL),
(1274, 87, 10, '2024-04-29 15:12:20', '2024-04-29 15:12:20', NULL),
(1275, 87, 11, '2024-04-29 15:12:20', '2024-04-29 15:12:20', NULL),
(1276, 87, 12, '2024-04-29 15:12:20', '2024-04-29 15:12:20', NULL),
(1277, 87, 13, '2024-04-29 15:12:20', '2024-04-29 15:12:20', NULL),
(1278, 87, 14, '2024-04-29 15:12:20', '2024-04-29 15:12:20', NULL),
(1279, 87, 15, '2024-04-29 15:12:20', '2024-04-29 15:12:20', NULL),
(1280, 87, 16, '2024-04-29 15:12:20', '2024-04-29 15:12:20', NULL),
(1281, 87, 17, '2024-04-29 15:12:20', '2024-04-29 15:12:20', NULL),
(1282, 87, 18, '2024-04-29 15:12:20', '2024-04-29 15:12:20', NULL),
(1283, 87, 19, '2024-04-29 15:12:20', '2024-04-29 15:12:20', NULL),
(1284, 87, 20, '2024-04-29 15:12:20', '2024-04-29 15:12:20', NULL),
(1285, 87, 21, '2024-04-29 15:12:20', '2024-04-29 15:12:20', NULL),
(1286, 87, 22, '2024-04-29 15:12:20', '2024-04-29 15:12:20', NULL),
(1287, 87, 23, '2024-04-29 15:12:20', '2024-04-29 15:12:20', NULL),
(1288, 87, 24, '2024-04-29 15:12:20', '2024-04-29 15:12:20', NULL),
(1289, 87, 25, '2024-04-29 15:12:20', '2024-04-29 15:12:20', NULL),
(1290, 87, 26, '2024-04-29 15:12:20', '2024-04-29 15:12:20', NULL),
(1291, 87, 27, '2024-04-29 15:12:20', '2024-04-29 15:12:20', NULL),
(1292, 87, 28, '2024-04-29 15:12:20', '2024-04-29 15:12:20', NULL),
(1293, 87, 33, '2024-04-29 15:12:20', '2024-04-29 15:12:20', NULL),
(1294, 87, 34, '2024-04-29 15:12:20', '2024-04-29 15:12:20', NULL),
(1295, 87, 35, '2024-04-29 15:12:20', '2024-04-29 15:12:20', NULL),
(1296, 87, 36, '2024-04-29 15:12:20', '2024-04-29 15:12:20', NULL),
(1297, 87, 37, '2024-04-29 15:12:20', '2024-04-29 15:12:20', NULL),
(1298, 87, 38, '2024-04-29 15:12:20', '2024-04-29 15:12:20', NULL),
(1299, 87, 39, '2024-04-29 15:12:20', '2024-04-29 15:12:20', NULL),
(1300, 87, 40, '2024-04-29 15:12:20', '2024-04-29 15:12:20', NULL),
(1301, 88, 1, '2024-05-06 13:19:27', '2024-05-06 13:19:27', NULL),
(1302, 88, 2, '2024-05-06 13:19:27', '2024-05-06 13:19:27', NULL),
(1303, 88, 3, '2024-05-06 13:19:27', '2024-05-06 13:19:27', NULL),
(1304, 88, 4, '2024-05-06 13:19:27', '2024-05-06 13:19:27', NULL),
(1305, 88, 5, '2024-05-06 13:19:27', '2024-05-06 13:19:27', NULL),
(1306, 88, 6, '2024-05-06 13:19:27', '2024-05-06 13:19:27', NULL),
(1307, 88, 7, '2024-05-06 13:19:27', '2024-05-06 13:19:27', NULL),
(1308, 88, 8, '2024-05-06 13:19:27', '2024-05-06 13:19:27', NULL),
(1309, 88, 9, '2024-05-06 13:19:27', '2024-05-06 13:19:27', NULL),
(1310, 88, 10, '2024-05-06 13:19:27', '2024-05-06 13:19:27', NULL),
(1311, 88, 11, '2024-05-06 13:19:27', '2024-05-06 13:19:27', NULL),
(1312, 88, 12, '2024-05-06 13:19:27', '2024-05-06 13:19:27', NULL),
(1313, 88, 13, '2024-05-06 13:19:27', '2024-05-06 13:19:27', NULL),
(1314, 88, 14, '2024-05-06 13:19:27', '2024-05-06 13:19:27', NULL),
(1315, 88, 15, '2024-05-06 13:19:27', '2024-05-06 13:19:27', NULL),
(1316, 88, 16, '2024-05-06 13:19:27', '2024-05-06 13:19:27', NULL),
(1317, 89, 1, '2024-05-06 13:19:27', '2024-05-06 13:19:27', NULL),
(1318, 89, 2, '2024-05-06 13:19:27', '2024-05-06 13:19:27', NULL),
(1319, 89, 3, '2024-05-06 13:19:27', '2024-05-06 13:19:27', NULL),
(1320, 89, 4, '2024-05-06 13:19:27', '2024-05-06 13:19:27', NULL),
(1321, 89, 5, '2024-05-06 13:19:27', '2024-05-06 13:19:27', NULL),
(1322, 89, 6, '2024-05-06 13:19:27', '2024-05-06 13:19:27', NULL),
(1323, 89, 7, '2024-05-06 13:19:27', '2024-05-06 13:19:27', NULL),
(1324, 89, 8, '2024-05-06 13:19:27', '2024-05-06 13:19:27', NULL),
(1325, 89, 9, '2024-05-06 13:19:27', '2024-05-06 13:19:27', NULL),
(1326, 89, 10, '2024-05-06 13:19:27', '2024-05-06 13:19:27', NULL),
(1327, 89, 11, '2024-05-06 13:19:27', '2024-05-06 13:19:27', NULL),
(1328, 89, 12, '2024-05-06 13:19:27', '2024-05-06 13:19:27', NULL),
(1329, 89, 13, '2024-05-06 13:19:27', '2024-05-06 13:19:27', NULL),
(1330, 89, 14, '2024-05-06 13:19:27', '2024-05-06 13:19:27', NULL),
(1331, 89, 15, '2024-05-06 13:19:27', '2024-05-06 13:19:27', NULL),
(1332, 89, 16, '2024-05-06 13:19:27', '2024-05-06 13:19:27', NULL),
(1333, 90, 1, '2024-05-06 13:19:27', '2024-05-06 13:19:27', NULL),
(1334, 90, 2, '2024-05-06 13:19:27', '2024-05-06 13:19:27', NULL),
(1335, 90, 3, '2024-05-06 13:19:27', '2024-05-06 13:19:27', NULL),
(1336, 90, 4, '2024-05-06 13:19:27', '2024-05-06 13:19:27', NULL),
(1337, 90, 5, '2024-05-06 13:19:27', '2024-05-06 13:19:27', NULL),
(1338, 90, 6, '2024-05-06 13:19:27', '2024-05-06 13:19:27', NULL),
(1339, 90, 7, '2024-05-06 13:19:27', '2024-05-06 13:19:27', NULL),
(1340, 90, 8, '2024-05-06 13:19:27', '2024-05-06 13:19:27', NULL),
(1341, 90, 9, '2024-05-06 13:19:27', '2024-05-06 13:19:27', NULL),
(1342, 90, 10, '2024-05-06 13:19:27', '2024-05-06 13:19:27', NULL),
(1343, 90, 11, '2024-05-06 13:19:27', '2024-05-06 13:19:27', NULL),
(1344, 90, 12, '2024-05-06 13:19:27', '2024-05-06 13:19:27', NULL),
(1345, 90, 13, '2024-05-06 13:19:27', '2024-05-06 13:19:27', NULL),
(1346, 90, 14, '2024-05-06 13:19:27', '2024-05-06 13:19:27', NULL),
(1347, 90, 15, '2024-05-06 13:19:27', '2024-05-06 13:19:27', NULL),
(1348, 90, 16, '2024-05-06 13:19:27', '2024-05-06 13:19:27', NULL),
(1349, 91, 1, '2024-05-06 13:19:27', '2024-05-06 13:19:27', NULL),
(1350, 91, 2, '2024-05-06 13:19:27', '2024-05-06 13:19:27', NULL),
(1351, 91, 3, '2024-05-06 13:19:27', '2024-05-06 13:19:27', NULL),
(1352, 91, 4, '2024-05-06 13:19:27', '2024-05-06 13:19:27', NULL),
(1353, 91, 5, '2024-05-06 13:19:27', '2024-05-06 13:19:27', NULL),
(1354, 91, 6, '2024-05-06 13:19:27', '2024-05-06 13:19:27', NULL),
(1355, 91, 7, '2024-05-06 13:19:27', '2024-05-06 13:19:27', NULL),
(1356, 91, 8, '2024-05-06 13:19:27', '2024-05-06 13:19:27', NULL),
(1357, 91, 9, '2024-05-06 13:19:27', '2024-05-06 13:19:27', NULL),
(1358, 91, 10, '2024-05-06 13:19:27', '2024-05-06 13:19:27', NULL),
(1359, 91, 11, '2024-05-06 13:19:27', '2024-05-06 13:19:27', NULL),
(1360, 91, 12, '2024-05-06 13:19:27', '2024-05-06 13:19:27', NULL),
(1361, 91, 13, '2024-05-06 13:19:27', '2024-05-06 13:19:27', NULL),
(1362, 91, 14, '2024-05-06 13:19:27', '2024-05-06 13:19:27', NULL),
(1363, 91, 15, '2024-05-06 13:19:27', '2024-05-06 13:19:27', NULL),
(1364, 91, 16, '2024-05-06 13:19:27', '2024-05-06 13:19:27', NULL),
(1365, 92, 1, '2024-05-06 13:19:27', '2024-05-06 13:19:27', NULL),
(1366, 92, 2, '2024-05-06 13:19:27', '2024-05-06 13:19:27', NULL),
(1367, 92, 3, '2024-05-06 13:19:27', '2024-05-06 13:19:27', NULL),
(1368, 92, 4, '2024-05-06 13:19:27', '2024-05-06 13:19:27', NULL),
(1369, 92, 5, '2024-05-06 13:19:27', '2024-05-06 13:19:27', NULL),
(1370, 92, 6, '2024-05-06 13:19:27', '2024-05-06 13:19:27', NULL);
INSERT INTO `doctor_schedule_joins` (`id`, `doctor_schedule_day_id`, `doctor_schedule_hour_id`, `created_at`, `updated_at`, `deleted_at`) VALUES
(1371, 92, 7, '2024-05-06 13:19:27', '2024-05-06 13:19:27', NULL),
(1372, 92, 8, '2024-05-06 13:19:27', '2024-05-06 13:19:27', NULL),
(1373, 92, 9, '2024-05-06 13:19:27', '2024-05-06 13:19:27', NULL),
(1374, 92, 10, '2024-05-06 13:19:27', '2024-05-06 13:19:27', NULL),
(1375, 92, 11, '2024-05-06 13:19:27', '2024-05-06 13:19:27', NULL),
(1376, 92, 12, '2024-05-06 13:19:27', '2024-05-06 13:19:27', NULL),
(1377, 92, 13, '2024-05-06 13:19:27', '2024-05-06 13:19:27', NULL),
(1378, 92, 14, '2024-05-06 13:19:27', '2024-05-06 13:19:27', NULL),
(1379, 92, 15, '2024-05-06 13:19:27', '2024-05-06 13:19:27', NULL),
(1380, 92, 16, '2024-05-06 13:19:27', '2024-05-06 13:19:27', NULL),
(1381, 93, 1, '2024-05-07 12:06:43', '2024-05-07 12:06:43', NULL),
(1382, 93, 2, '2024-05-07 12:06:43', '2024-05-07 12:06:43', NULL),
(1383, 93, 3, '2024-05-07 12:06:43', '2024-05-07 12:06:43', NULL),
(1384, 93, 4, '2024-05-07 12:06:43', '2024-05-07 12:06:43', NULL),
(1385, 93, 5, '2024-05-07 12:06:43', '2024-05-07 12:06:43', NULL),
(1386, 93, 6, '2024-05-07 12:06:43', '2024-05-07 12:06:43', NULL),
(1387, 93, 7, '2024-05-07 12:06:43', '2024-05-07 12:06:43', NULL),
(1388, 93, 8, '2024-05-07 12:06:43', '2024-05-07 12:06:43', NULL),
(1389, 93, 9, '2024-05-07 12:06:43', '2024-05-07 12:06:43', NULL),
(1390, 93, 10, '2024-05-07 12:06:43', '2024-05-07 12:06:43', NULL),
(1391, 93, 11, '2024-05-07 12:06:43', '2024-05-07 12:06:43', NULL),
(1392, 93, 12, '2024-05-07 12:06:43', '2024-05-07 12:06:43', NULL),
(1393, 93, 13, '2024-05-07 12:06:43', '2024-05-07 12:06:43', NULL),
(1394, 93, 14, '2024-05-07 12:06:43', '2024-05-07 12:06:43', NULL),
(1395, 93, 15, '2024-05-07 12:06:43', '2024-05-07 12:06:43', NULL),
(1396, 93, 16, '2024-05-07 12:06:43', '2024-05-07 12:06:43', NULL),
(1397, 94, 1, '2024-05-07 12:06:43', '2024-05-07 12:06:43', NULL),
(1398, 94, 2, '2024-05-07 12:06:43', '2024-05-07 12:06:43', NULL),
(1399, 94, 3, '2024-05-07 12:06:43', '2024-05-07 12:06:43', NULL),
(1400, 94, 4, '2024-05-07 12:06:43', '2024-05-07 12:06:43', NULL),
(1401, 94, 5, '2024-05-07 12:06:43', '2024-05-07 12:06:43', NULL),
(1402, 94, 6, '2024-05-07 12:06:43', '2024-05-07 12:06:43', NULL),
(1403, 94, 7, '2024-05-07 12:06:43', '2024-05-07 12:06:43', NULL),
(1404, 94, 8, '2024-05-07 12:06:43', '2024-05-07 12:06:43', NULL),
(1405, 94, 9, '2024-05-07 12:06:43', '2024-05-07 12:06:43', NULL),
(1406, 94, 10, '2024-05-07 12:06:43', '2024-05-07 12:06:43', NULL),
(1407, 94, 11, '2024-05-07 12:06:43', '2024-05-07 12:06:43', NULL),
(1408, 94, 12, '2024-05-07 12:06:43', '2024-05-07 12:06:43', NULL),
(1409, 94, 13, '2024-05-07 12:06:43', '2024-05-07 12:06:43', NULL),
(1410, 94, 14, '2024-05-07 12:06:43', '2024-05-07 12:06:43', NULL),
(1411, 94, 15, '2024-05-07 12:06:43', '2024-05-07 12:06:43', NULL),
(1412, 94, 16, '2024-05-07 12:06:43', '2024-05-07 12:06:43', NULL),
(1413, 95, 1, '2024-05-07 12:06:43', '2024-05-07 12:06:43', NULL),
(1414, 95, 2, '2024-05-07 12:06:43', '2024-05-07 12:06:43', NULL),
(1415, 95, 3, '2024-05-07 12:06:43', '2024-05-07 12:06:43', NULL),
(1416, 95, 4, '2024-05-07 12:06:43', '2024-05-07 12:06:43', NULL),
(1417, 95, 5, '2024-05-07 12:06:43', '2024-05-07 12:06:43', NULL),
(1418, 95, 6, '2024-05-07 12:06:43', '2024-05-07 12:06:43', NULL),
(1419, 95, 7, '2024-05-07 12:06:43', '2024-05-07 12:06:43', NULL),
(1420, 95, 8, '2024-05-07 12:06:43', '2024-05-07 12:06:43', NULL),
(1421, 95, 9, '2024-05-07 12:06:43', '2024-05-07 12:06:43', NULL),
(1422, 95, 10, '2024-05-07 12:06:43', '2024-05-07 12:06:43', NULL),
(1423, 95, 11, '2024-05-07 12:06:43', '2024-05-07 12:06:43', NULL),
(1424, 95, 12, '2024-05-07 12:06:43', '2024-05-07 12:06:43', NULL),
(1425, 95, 13, '2024-05-07 12:06:43', '2024-05-07 12:06:43', NULL),
(1426, 95, 14, '2024-05-07 12:06:43', '2024-05-07 12:06:43', NULL),
(1427, 95, 15, '2024-05-07 12:06:43', '2024-05-07 12:06:43', NULL),
(1428, 95, 16, '2024-05-07 12:06:43', '2024-05-07 12:06:43', NULL),
(1429, 96, 1, '2024-05-07 12:06:43', '2024-05-07 12:06:43', NULL),
(1430, 96, 2, '2024-05-07 12:06:43', '2024-05-07 12:06:43', NULL),
(1431, 96, 3, '2024-05-07 12:06:43', '2024-05-07 12:06:43', NULL),
(1432, 96, 4, '2024-05-07 12:06:43', '2024-05-07 12:06:43', NULL),
(1433, 96, 5, '2024-05-07 12:06:43', '2024-05-07 12:06:43', NULL),
(1434, 96, 6, '2024-05-07 12:06:43', '2024-05-07 12:06:43', NULL),
(1435, 96, 7, '2024-05-07 12:06:43', '2024-05-07 12:06:43', NULL),
(1436, 96, 8, '2024-05-07 12:06:43', '2024-05-07 12:06:43', NULL),
(1437, 96, 9, '2024-05-07 12:06:43', '2024-05-07 12:06:43', NULL),
(1438, 96, 10, '2024-05-07 12:06:43', '2024-05-07 12:06:43', NULL),
(1439, 96, 11, '2024-05-07 12:06:43', '2024-05-07 12:06:43', NULL),
(1440, 96, 12, '2024-05-07 12:06:43', '2024-05-07 12:06:43', NULL),
(1441, 96, 13, '2024-05-07 12:06:43', '2024-05-07 12:06:43', NULL),
(1442, 96, 14, '2024-05-07 12:06:43', '2024-05-07 12:06:43', NULL),
(1443, 96, 15, '2024-05-07 12:06:43', '2024-05-07 12:06:43', NULL),
(1444, 96, 16, '2024-05-07 12:06:43', '2024-05-07 12:06:43', NULL),
(1445, 97, 1, '2024-05-07 12:06:43', '2024-05-07 12:06:43', NULL),
(1446, 97, 2, '2024-05-07 12:06:43', '2024-05-07 12:06:43', NULL),
(1447, 97, 3, '2024-05-07 12:06:43', '2024-05-07 12:06:43', NULL),
(1448, 97, 4, '2024-05-07 12:06:43', '2024-05-07 12:06:43', NULL),
(1449, 97, 5, '2024-05-07 12:06:43', '2024-05-07 12:06:43', NULL),
(1450, 97, 6, '2024-05-07 12:06:43', '2024-05-07 12:06:43', NULL),
(1451, 97, 7, '2024-05-07 12:06:43', '2024-05-07 12:06:43', NULL),
(1452, 97, 8, '2024-05-07 12:06:43', '2024-05-07 12:06:43', NULL),
(1453, 97, 9, '2024-05-07 12:06:43', '2024-05-07 12:06:43', NULL),
(1454, 97, 10, '2024-05-07 12:06:43', '2024-05-07 12:06:43', NULL),
(1455, 97, 11, '2024-05-07 12:06:43', '2024-05-07 12:06:43', NULL),
(1456, 97, 12, '2024-05-07 12:06:43', '2024-05-07 12:06:43', NULL),
(1457, 97, 13, '2024-05-07 12:06:43', '2024-05-07 12:06:43', NULL),
(1458, 97, 14, '2024-05-07 12:06:43', '2024-05-07 12:06:43', NULL),
(1459, 97, 15, '2024-05-07 12:06:43', '2024-05-07 12:06:43', NULL),
(1460, 97, 16, '2024-05-07 12:06:43', '2024-05-07 12:06:43', NULL),
(1461, 57, 5, '2024-05-07 15:47:49', '2024-05-07 15:47:49', NULL),
(1462, 57, 6, '2024-05-07 15:47:49', '2024-05-07 15:47:49', NULL),
(1463, 57, 7, '2024-05-07 15:47:49', '2024-05-07 15:47:49', NULL),
(1464, 57, 8, '2024-05-07 15:47:49', '2024-05-07 15:47:49', NULL),
(1465, 57, 17, '2024-05-07 15:47:49', '2024-05-07 15:47:49', NULL),
(1466, 57, 18, '2024-05-07 15:47:49', '2024-05-07 15:47:49', NULL),
(1467, 57, 19, '2024-05-07 15:47:49', '2024-05-07 15:47:49', NULL),
(1468, 57, 20, '2024-05-07 15:47:49', '2024-05-07 15:47:49', NULL),
(1469, 57, 21, '2024-05-07 15:47:49', '2024-05-07 15:47:49', NULL),
(1470, 57, 22, '2024-05-07 15:47:49', '2024-05-07 15:47:49', NULL),
(1471, 57, 23, '2024-05-07 15:47:49', '2024-05-07 15:47:49', NULL),
(1472, 57, 24, '2024-05-07 15:47:49', '2024-05-07 15:47:49', NULL),
(1473, 57, 25, '2024-05-07 15:47:49', '2024-05-07 15:47:49', NULL),
(1474, 57, 26, '2024-05-07 15:47:49', '2024-05-07 15:47:49', NULL),
(1475, 57, 27, '2024-05-07 15:47:49', '2024-05-07 15:47:49', NULL),
(1476, 57, 28, '2024-05-07 15:47:49', '2024-05-07 15:47:49', NULL),
(1477, 57, 29, '2024-05-07 15:47:49', '2024-05-07 15:47:49', NULL),
(1478, 57, 30, '2024-05-07 15:47:49', '2024-05-07 15:47:49', NULL),
(1479, 57, 31, '2024-05-07 15:47:49', '2024-05-07 15:47:49', NULL),
(1480, 57, 32, '2024-05-07 15:47:49', '2024-05-07 15:47:49', NULL),
(1481, 57, 33, '2024-05-07 15:47:49', '2024-05-07 15:47:49', NULL),
(1482, 57, 34, '2024-05-07 15:47:49', '2024-05-07 15:47:49', NULL),
(1483, 57, 35, '2024-05-07 15:47:49', '2024-05-07 15:47:49', NULL),
(1484, 57, 36, '2024-05-07 15:47:49', '2024-05-07 15:47:49', NULL),
(1485, 57, 37, '2024-05-07 15:47:49', '2024-05-07 15:47:49', NULL),
(1486, 57, 38, '2024-05-07 15:47:49', '2024-05-07 15:47:49', NULL),
(1487, 57, 39, '2024-05-07 15:47:49', '2024-05-07 15:47:49', NULL),
(1488, 57, 40, '2024-05-07 15:47:49', '2024-05-07 15:47:49', NULL),
(1489, 58, 17, '2024-05-07 15:47:49', '2024-05-07 15:47:49', NULL),
(1490, 58, 18, '2024-05-07 15:47:49', '2024-05-07 15:47:49', NULL),
(1491, 58, 19, '2024-05-07 15:47:49', '2024-05-07 15:47:49', NULL),
(1492, 58, 20, '2024-05-07 15:47:49', '2024-05-07 15:47:49', NULL),
(1493, 58, 21, '2024-05-07 15:47:49', '2024-05-07 15:47:49', NULL),
(1494, 58, 22, '2024-05-07 15:47:49', '2024-05-07 15:47:49', NULL),
(1495, 58, 23, '2024-05-07 15:47:49', '2024-05-07 15:47:49', NULL),
(1496, 58, 24, '2024-05-07 15:47:49', '2024-05-07 15:47:49', NULL),
(1497, 58, 25, '2024-05-07 15:47:49', '2024-05-07 15:47:49', NULL),
(1498, 58, 26, '2024-05-07 15:47:49', '2024-05-07 15:47:49', NULL),
(1499, 58, 27, '2024-05-07 15:47:49', '2024-05-07 15:47:49', NULL),
(1500, 58, 28, '2024-05-07 15:47:49', '2024-05-07 15:47:49', NULL),
(1501, 58, 29, '2024-05-07 15:47:49', '2024-05-07 15:47:49', NULL),
(1502, 58, 30, '2024-05-07 15:47:49', '2024-05-07 15:47:49', NULL),
(1503, 58, 31, '2024-05-07 15:47:49', '2024-05-07 15:47:49', NULL),
(1504, 58, 32, '2024-05-07 15:47:49', '2024-05-07 15:47:49', NULL),
(1505, 58, 33, '2024-05-07 15:47:49', '2024-05-07 15:47:49', NULL),
(1506, 58, 34, '2024-05-07 15:47:49', '2024-05-07 15:47:49', NULL),
(1507, 58, 35, '2024-05-07 15:47:49', '2024-05-07 15:47:49', NULL),
(1508, 58, 36, '2024-05-07 15:47:49', '2024-05-07 15:47:49', NULL),
(1509, 58, 37, '2024-05-07 15:47:49', '2024-05-07 15:47:49', NULL),
(1510, 58, 38, '2024-05-07 15:47:49', '2024-05-07 15:47:49', NULL),
(1511, 58, 39, '2024-05-07 15:47:49', '2024-05-07 15:47:49', NULL),
(1512, 58, 40, '2024-05-07 15:47:49', '2024-05-07 15:47:49', NULL),
(1513, 59, 17, '2024-05-07 15:47:49', '2024-05-07 15:47:49', NULL),
(1514, 59, 18, '2024-05-07 15:47:49', '2024-05-07 15:47:49', NULL),
(1515, 59, 19, '2024-05-07 15:47:49', '2024-05-07 15:47:49', NULL),
(1516, 59, 20, '2024-05-07 15:47:49', '2024-05-07 15:47:49', NULL),
(1517, 59, 21, '2024-05-07 15:47:49', '2024-05-07 15:47:49', NULL),
(1518, 59, 22, '2024-05-07 15:47:49', '2024-05-07 15:47:49', NULL),
(1519, 59, 23, '2024-05-07 15:47:49', '2024-05-07 15:47:49', NULL),
(1520, 59, 24, '2024-05-07 15:47:49', '2024-05-07 15:47:49', NULL),
(1521, 59, 25, '2024-05-07 15:47:49', '2024-05-07 15:47:49', NULL),
(1522, 59, 26, '2024-05-07 15:47:49', '2024-05-07 15:47:49', NULL),
(1523, 59, 27, '2024-05-07 15:47:49', '2024-05-07 15:47:49', NULL),
(1524, 59, 28, '2024-05-07 15:47:49', '2024-05-07 15:47:49', NULL),
(1525, 59, 29, '2024-05-07 15:47:49', '2024-05-07 15:47:49', NULL),
(1526, 59, 30, '2024-05-07 15:47:49', '2024-05-07 15:47:49', NULL),
(1527, 59, 31, '2024-05-07 15:47:49', '2024-05-07 15:47:49', NULL),
(1528, 59, 32, '2024-05-07 15:47:49', '2024-05-07 15:47:49', NULL),
(1529, 59, 33, '2024-05-07 15:47:49', '2024-05-07 15:47:49', NULL),
(1530, 59, 34, '2024-05-07 15:47:49', '2024-05-07 15:47:49', NULL),
(1531, 59, 35, '2024-05-07 15:47:49', '2024-05-07 15:47:49', NULL),
(1532, 59, 36, '2024-05-07 15:47:49', '2024-05-07 15:47:49', NULL),
(1533, 59, 37, '2024-05-07 15:47:49', '2024-05-07 15:47:49', NULL),
(1534, 59, 38, '2024-05-07 15:47:49', '2024-05-07 15:47:49', NULL),
(1535, 59, 39, '2024-05-07 15:47:49', '2024-05-07 15:47:49', NULL),
(1536, 59, 40, '2024-05-07 15:47:49', '2024-05-07 15:47:49', NULL),
(1537, 60, 17, '2024-05-07 15:47:49', '2024-05-07 15:47:49', NULL),
(1538, 60, 18, '2024-05-07 15:47:49', '2024-05-07 15:47:49', NULL),
(1539, 60, 19, '2024-05-07 15:47:49', '2024-05-07 15:47:49', NULL),
(1540, 60, 20, '2024-05-07 15:47:49', '2024-05-07 15:47:49', NULL),
(1541, 60, 21, '2024-05-07 15:47:49', '2024-05-07 15:47:49', NULL),
(1542, 60, 22, '2024-05-07 15:47:49', '2024-05-07 15:47:49', NULL),
(1543, 60, 23, '2024-05-07 15:47:49', '2024-05-07 15:47:49', NULL),
(1544, 60, 24, '2024-05-07 15:47:49', '2024-05-07 15:47:49', NULL),
(1545, 60, 25, '2024-05-07 15:47:49', '2024-05-07 15:47:49', NULL),
(1546, 60, 26, '2024-05-07 15:47:49', '2024-05-07 15:47:49', NULL),
(1547, 60, 27, '2024-05-07 15:47:49', '2024-05-07 15:47:49', NULL),
(1548, 60, 28, '2024-05-07 15:47:49', '2024-05-07 15:47:49', NULL),
(1549, 60, 29, '2024-05-07 15:47:49', '2024-05-07 15:47:49', NULL),
(1550, 60, 30, '2024-05-07 15:47:49', '2024-05-07 15:47:49', NULL),
(1551, 60, 31, '2024-05-07 15:47:49', '2024-05-07 15:47:49', NULL),
(1552, 60, 32, '2024-05-07 15:47:49', '2024-05-07 15:47:49', NULL),
(1553, 60, 33, '2024-05-07 15:47:49', '2024-05-07 15:47:49', NULL),
(1554, 60, 34, '2024-05-07 15:47:49', '2024-05-07 15:47:49', NULL),
(1555, 60, 35, '2024-05-07 15:47:49', '2024-05-07 15:47:49', NULL),
(1556, 60, 36, '2024-05-07 15:47:49', '2024-05-07 15:47:49', NULL),
(1557, 60, 37, '2024-05-07 15:47:49', '2024-05-07 15:47:49', NULL),
(1558, 60, 38, '2024-05-07 15:47:49', '2024-05-07 15:47:49', NULL),
(1559, 60, 39, '2024-05-07 15:47:49', '2024-05-07 15:47:49', NULL),
(1560, 60, 40, '2024-05-07 15:47:49', '2024-05-07 15:47:49', NULL),
(1561, 61, 17, '2024-05-07 15:47:49', '2024-05-07 15:47:49', NULL),
(1562, 61, 18, '2024-05-07 15:47:49', '2024-05-07 15:47:49', NULL),
(1563, 61, 19, '2024-05-07 15:47:49', '2024-05-07 15:47:49', NULL),
(1564, 61, 20, '2024-05-07 15:47:49', '2024-05-07 15:47:49', NULL),
(1565, 61, 21, '2024-05-07 15:47:49', '2024-05-07 15:47:49', NULL),
(1566, 61, 22, '2024-05-07 15:47:49', '2024-05-07 15:47:49', NULL),
(1567, 61, 23, '2024-05-07 15:47:49', '2024-05-07 15:47:49', NULL),
(1568, 61, 24, '2024-05-07 15:47:49', '2024-05-07 15:47:49', NULL),
(1569, 61, 25, '2024-05-07 15:47:49', '2024-05-07 15:47:49', NULL),
(1570, 61, 26, '2024-05-07 15:47:49', '2024-05-07 15:47:49', NULL),
(1571, 61, 27, '2024-05-07 15:47:49', '2024-05-07 15:47:49', NULL),
(1572, 61, 28, '2024-05-07 15:47:49', '2024-05-07 15:47:49', NULL),
(1573, 61, 29, '2024-05-07 15:47:49', '2024-05-07 15:47:49', NULL),
(1574, 61, 30, '2024-05-07 15:47:49', '2024-05-07 15:47:49', NULL),
(1575, 61, 31, '2024-05-07 15:47:49', '2024-05-07 15:47:49', NULL),
(1576, 61, 32, '2024-05-07 15:47:49', '2024-05-07 15:47:49', NULL),
(1577, 61, 33, '2024-05-07 15:47:49', '2024-05-07 15:47:49', NULL),
(1578, 61, 34, '2024-05-07 15:47:49', '2024-05-07 15:47:49', NULL),
(1579, 61, 35, '2024-05-07 15:47:49', '2024-05-07 15:47:49', NULL),
(1580, 61, 36, '2024-05-07 15:47:49', '2024-05-07 15:47:49', NULL),
(1581, 61, 37, '2024-05-07 15:47:49', '2024-05-07 15:47:49', NULL),
(1582, 61, 38, '2024-05-07 15:47:49', '2024-05-07 15:47:49', NULL),
(1583, 61, 39, '2024-05-07 15:47:49', '2024-05-07 15:47:49', NULL),
(1584, 61, 40, '2024-05-07 15:47:49', '2024-05-07 15:47:49', NULL),
(1585, 98, 1, '2024-05-11 05:51:47', '2024-05-11 05:51:47', NULL),
(1586, 98, 2, '2024-05-11 05:51:47', '2024-05-11 05:51:47', NULL),
(1587, 98, 3, '2024-05-11 05:51:47', '2024-05-11 05:51:47', NULL),
(1588, 98, 4, '2024-05-11 05:51:47', '2024-05-11 05:51:47', NULL),
(1589, 99, 1, '2024-05-11 05:51:47', '2024-05-11 05:51:47', NULL),
(1590, 99, 2, '2024-05-11 05:51:47', '2024-05-11 05:51:47', NULL),
(1591, 99, 3, '2024-05-11 05:51:47', '2024-05-11 05:51:47', NULL),
(1592, 99, 4, '2024-05-11 05:51:47', '2024-05-11 05:51:47', NULL),
(1593, 100, 1, '2024-05-11 05:51:47', '2024-05-11 05:51:47', NULL),
(1594, 100, 2, '2024-05-11 05:51:47', '2024-05-11 05:51:47', NULL),
(1595, 100, 3, '2024-05-11 05:51:47', '2024-05-11 05:51:47', NULL),
(1596, 100, 4, '2024-05-11 05:51:47', '2024-05-11 05:51:47', NULL),
(1597, 101, 1, '2024-05-11 05:51:47', '2024-05-11 05:51:47', NULL),
(1598, 101, 2, '2024-05-11 05:51:47', '2024-05-11 05:51:47', NULL),
(1599, 101, 3, '2024-05-11 05:51:47', '2024-05-11 05:51:47', NULL),
(1600, 101, 4, '2024-05-11 05:51:47', '2024-05-11 05:51:47', NULL),
(1601, 102, 1, '2024-05-11 05:51:47', '2024-05-11 05:51:47', NULL),
(1602, 102, 2, '2024-05-11 05:51:47', '2024-05-11 05:51:47', NULL),
(1603, 102, 3, '2024-05-11 05:51:47', '2024-05-11 05:51:47', NULL),
(1604, 102, 4, '2024-05-11 05:51:47', '2024-05-11 05:51:47', NULL),
(1605, 103, 1, '2024-05-11 05:56:38', '2024-05-11 05:56:38', NULL),
(1606, 103, 2, '2024-05-11 05:56:38', '2024-05-11 05:56:38', NULL),
(1607, 103, 3, '2024-05-11 05:56:38', '2024-05-11 05:56:38', NULL),
(1608, 103, 4, '2024-05-11 05:56:38', '2024-05-11 05:56:38', NULL),
(1609, 104, 1, '2024-05-11 05:56:38', '2024-05-11 05:56:38', NULL),
(1610, 104, 2, '2024-05-11 05:56:38', '2024-05-11 05:56:38', NULL),
(1611, 104, 3, '2024-05-11 05:56:38', '2024-05-11 05:56:38', NULL),
(1612, 104, 4, '2024-05-11 05:56:38', '2024-05-11 05:56:38', NULL),
(1613, 105, 1, '2024-05-11 05:56:38', '2024-05-11 05:56:38', NULL),
(1614, 105, 2, '2024-05-11 05:56:38', '2024-05-11 05:56:38', NULL),
(1615, 105, 3, '2024-05-11 05:56:38', '2024-05-11 05:56:38', NULL),
(1616, 105, 4, '2024-05-11 05:56:38', '2024-05-11 05:56:38', NULL),
(1617, 106, 1, '2024-05-11 05:56:38', '2024-05-11 05:56:38', NULL),
(1618, 106, 2, '2024-05-11 05:56:38', '2024-05-11 05:56:38', NULL),
(1619, 106, 3, '2024-05-11 05:56:38', '2024-05-11 05:56:38', NULL),
(1620, 106, 4, '2024-05-11 05:56:38', '2024-05-11 05:56:38', NULL),
(1621, 107, 1, '2024-05-11 05:56:38', '2024-05-11 05:56:38', NULL),
(1622, 107, 2, '2024-05-11 05:56:38', '2024-05-11 05:56:38', NULL),
(1623, 107, 3, '2024-05-11 05:56:38', '2024-05-11 05:56:38', NULL),
(1624, 107, 4, '2024-05-11 05:56:38', '2024-05-11 05:56:38', NULL),
(1625, 108, 1, '2024-05-11 06:06:14', '2024-05-11 06:06:14', NULL),
(1626, 108, 2, '2024-05-11 06:06:14', '2024-05-11 06:06:14', NULL),
(1627, 108, 3, '2024-05-11 06:06:14', '2024-05-11 06:06:14', NULL),
(1628, 108, 4, '2024-05-11 06:06:14', '2024-05-11 06:06:14', NULL),
(1629, 108, 5, '2024-05-11 06:06:14', '2024-05-11 06:06:14', NULL),
(1630, 108, 6, '2024-05-11 06:06:14', '2024-05-11 06:06:14', NULL),
(1631, 108, 7, '2024-05-11 06:06:14', '2024-05-11 06:06:14', NULL),
(1632, 108, 8, '2024-05-11 06:06:14', '2024-05-11 06:06:14', NULL),
(1633, 109, 1, '2024-05-11 06:06:14', '2024-05-11 06:06:14', NULL),
(1634, 109, 2, '2024-05-11 06:06:14', '2024-05-11 06:06:14', NULL),
(1635, 109, 3, '2024-05-11 06:06:14', '2024-05-11 06:06:14', NULL),
(1636, 109, 4, '2024-05-11 06:06:14', '2024-05-11 06:06:14', NULL),
(1637, 109, 5, '2024-05-11 06:06:14', '2024-05-11 06:06:14', NULL),
(1638, 109, 6, '2024-05-11 06:06:14', '2024-05-11 06:06:14', NULL),
(1639, 109, 7, '2024-05-11 06:06:14', '2024-05-11 06:06:14', NULL),
(1640, 109, 8, '2024-05-11 06:06:14', '2024-05-11 06:06:14', NULL),
(1641, 110, 1, '2024-05-11 06:06:14', '2024-05-11 06:06:14', NULL),
(1642, 110, 2, '2024-05-11 06:06:14', '2024-05-11 06:06:14', NULL),
(1643, 110, 3, '2024-05-11 06:06:14', '2024-05-11 06:06:14', NULL),
(1644, 110, 4, '2024-05-11 06:06:14', '2024-05-11 06:06:14', NULL),
(1645, 110, 5, '2024-05-11 06:06:14', '2024-05-11 06:06:14', NULL),
(1646, 110, 6, '2024-05-11 06:06:14', '2024-05-11 06:06:14', NULL),
(1647, 110, 7, '2024-05-11 06:06:14', '2024-05-11 06:06:14', NULL),
(1648, 110, 8, '2024-05-11 06:06:14', '2024-05-11 06:06:14', NULL),
(1649, 111, 1, '2024-05-11 06:06:14', '2024-05-11 06:06:14', NULL),
(1650, 111, 2, '2024-05-11 06:06:14', '2024-05-11 06:06:14', NULL),
(1651, 111, 3, '2024-05-11 06:06:14', '2024-05-11 06:06:14', NULL),
(1652, 111, 4, '2024-05-11 06:06:14', '2024-05-11 06:06:14', NULL),
(1653, 111, 5, '2024-05-11 06:06:14', '2024-05-11 06:06:14', NULL),
(1654, 111, 6, '2024-05-11 06:06:14', '2024-05-11 06:06:14', NULL),
(1655, 111, 7, '2024-05-11 06:06:14', '2024-05-11 06:06:14', NULL),
(1656, 111, 8, '2024-05-11 06:06:14', '2024-05-11 06:06:14', NULL),
(1657, 112, 1, '2024-05-11 06:06:14', '2024-05-11 06:06:14', NULL),
(1658, 112, 2, '2024-05-11 06:06:14', '2024-05-11 06:06:14', NULL),
(1659, 112, 3, '2024-05-11 06:06:14', '2024-05-11 06:06:14', NULL),
(1660, 112, 4, '2024-05-11 06:06:14', '2024-05-11 06:06:14', NULL),
(1661, 112, 5, '2024-05-11 06:06:14', '2024-05-11 06:06:14', NULL),
(1662, 112, 6, '2024-05-11 06:06:14', '2024-05-11 06:06:14', NULL),
(1663, 112, 7, '2024-05-11 06:06:14', '2024-05-11 06:06:14', NULL),
(1664, 112, 8, '2024-05-11 06:06:14', '2024-05-11 06:06:14', NULL),
(1665, 113, 5, '2024-05-13 13:29:30', '2024-05-13 13:29:30', NULL),
(1666, 113, 6, '2024-05-13 13:29:30', '2024-05-13 13:29:30', NULL),
(1667, 113, 7, '2024-05-13 13:29:30', '2024-05-13 13:29:30', NULL),
(1668, 113, 8, '2024-05-13 13:29:30', '2024-05-13 13:29:30', NULL),
(1669, 113, 9, '2024-05-13 13:29:30', '2024-05-13 13:29:30', NULL),
(1670, 113, 10, '2024-05-13 13:29:30', '2024-05-13 13:29:30', NULL),
(1671, 113, 11, '2024-05-13 13:29:30', '2024-05-13 13:29:30', NULL),
(1672, 113, 12, '2024-05-13 13:29:30', '2024-05-13 13:29:30', NULL),
(1673, 113, 13, '2024-05-13 13:29:30', '2024-05-13 13:29:30', NULL),
(1674, 113, 14, '2024-05-13 13:29:30', '2024-05-13 13:29:30', NULL),
(1675, 113, 15, '2024-05-13 13:29:30', '2024-05-13 13:29:30', NULL),
(1676, 113, 16, '2024-05-13 13:29:30', '2024-05-13 13:29:30', NULL),
(1677, 113, 17, '2024-05-13 13:29:30', '2024-05-13 13:29:30', NULL),
(1678, 113, 18, '2024-05-13 13:29:30', '2024-05-13 13:29:30', NULL),
(1679, 113, 19, '2024-05-13 13:29:30', '2024-05-13 13:29:30', NULL),
(1680, 113, 20, '2024-05-13 13:29:30', '2024-05-13 13:29:30', NULL),
(1681, 113, 21, '2024-05-13 13:29:30', '2024-05-13 13:29:30', NULL),
(1682, 113, 22, '2024-05-13 13:29:30', '2024-05-13 13:29:30', NULL),
(1683, 113, 23, '2024-05-13 13:29:30', '2024-05-13 13:29:30', NULL),
(1684, 113, 24, '2024-05-13 13:29:30', '2024-05-13 13:29:30', NULL),
(1685, 113, 25, '2024-05-13 13:29:30', '2024-05-13 13:29:30', NULL),
(1686, 113, 26, '2024-05-13 13:29:30', '2024-05-13 13:29:30', NULL),
(1687, 113, 27, '2024-05-13 13:29:30', '2024-05-13 13:29:30', NULL),
(1688, 113, 28, '2024-05-13 13:29:30', '2024-05-13 13:29:30', NULL),
(1689, 113, 33, '2024-05-13 13:29:30', '2024-05-13 13:29:30', NULL),
(1690, 113, 34, '2024-05-13 13:29:30', '2024-05-13 13:29:30', NULL),
(1691, 113, 35, '2024-05-13 13:29:30', '2024-05-13 13:29:30', NULL),
(1692, 113, 36, '2024-05-13 13:29:30', '2024-05-13 13:29:30', NULL),
(1693, 113, 37, '2024-05-13 13:29:30', '2024-05-13 13:29:30', NULL),
(1694, 113, 38, '2024-05-13 13:29:30', '2024-05-13 13:29:30', NULL),
(1695, 113, 39, '2024-05-13 13:29:30', '2024-05-13 13:29:30', NULL),
(1696, 113, 40, '2024-05-13 13:29:30', '2024-05-13 13:29:30', NULL),
(1697, 114, 5, '2024-05-14 14:00:29', '2024-05-14 14:00:29', NULL),
(1698, 114, 6, '2024-05-14 14:00:29', '2024-05-14 14:00:29', NULL),
(1699, 114, 7, '2024-05-14 14:00:29', '2024-05-14 14:00:29', NULL),
(1700, 114, 8, '2024-05-14 14:00:29', '2024-05-14 14:00:29', NULL),
(1701, 114, 9, '2024-05-14 14:00:29', '2024-05-14 14:00:29', NULL),
(1702, 114, 10, '2024-05-14 14:00:29', '2024-05-14 14:00:29', NULL),
(1703, 114, 11, '2024-05-14 14:00:29', '2024-05-14 14:00:29', NULL),
(1704, 114, 12, '2024-05-14 14:00:29', '2024-05-14 14:00:29', NULL),
(1705, 114, 13, '2024-05-14 14:00:29', '2024-05-14 14:00:29', NULL),
(1706, 114, 14, '2024-05-14 14:00:29', '2024-05-14 14:00:29', NULL),
(1707, 114, 15, '2024-05-14 14:00:29', '2024-05-14 14:00:29', NULL),
(1708, 114, 16, '2024-05-14 14:00:29', '2024-05-14 14:00:29', NULL),
(1709, 114, 17, '2024-05-14 14:00:29', '2024-05-14 14:00:29', NULL),
(1710, 114, 18, '2024-05-14 14:00:29', '2024-05-14 14:00:29', NULL),
(1711, 114, 19, '2024-05-14 14:00:29', '2024-05-14 14:00:29', NULL),
(1712, 114, 20, '2024-05-14 14:00:29', '2024-05-14 14:00:29', NULL),
(1713, 114, 21, '2024-05-14 14:00:29', '2024-05-14 14:00:29', NULL),
(1714, 114, 22, '2024-05-14 14:00:29', '2024-05-14 14:00:29', NULL),
(1715, 114, 23, '2024-05-14 14:00:29', '2024-05-14 14:00:29', NULL),
(1716, 114, 24, '2024-05-14 14:00:29', '2024-05-14 14:00:29', NULL),
(1717, 114, 25, '2024-05-14 14:00:29', '2024-05-14 14:00:29', NULL),
(1718, 114, 26, '2024-05-14 14:00:29', '2024-05-14 14:00:29', NULL),
(1719, 114, 27, '2024-05-14 14:00:29', '2024-05-14 14:00:29', NULL),
(1720, 114, 28, '2024-05-14 14:00:29', '2024-05-14 14:00:29', NULL),
(1721, 114, 33, '2024-05-14 14:00:29', '2024-05-14 14:00:29', NULL),
(1722, 114, 34, '2024-05-14 14:00:29', '2024-05-14 14:00:29', NULL),
(1723, 114, 35, '2024-05-14 14:00:29', '2024-05-14 14:00:29', NULL),
(1724, 114, 36, '2024-05-14 14:00:29', '2024-05-14 14:00:29', NULL),
(1725, 114, 37, '2024-05-14 14:00:29', '2024-05-14 14:00:29', NULL),
(1726, 114, 38, '2024-05-14 14:00:29', '2024-05-14 14:00:29', NULL),
(1727, 114, 39, '2024-05-14 14:00:29', '2024-05-14 14:00:29', NULL),
(1728, 114, 40, '2024-05-14 14:00:29', '2024-05-14 14:00:29', NULL),
(1729, 114, 1, '2024-05-14 14:00:29', '2024-05-14 14:00:29', NULL),
(1730, 114, 2, '2024-05-14 14:00:29', '2024-05-14 14:00:29', NULL),
(1731, 114, 3, '2024-05-14 14:00:29', '2024-05-14 14:00:29', NULL),
(1732, 114, 4, '2024-05-14 14:00:29', '2024-05-14 14:00:29', NULL),
(1733, 115, 5, '2024-05-14 14:22:40', '2024-05-14 14:22:40', NULL),
(1734, 115, 6, '2024-05-14 14:22:40', '2024-05-14 14:22:40', NULL),
(1735, 115, 7, '2024-05-14 14:22:40', '2024-05-14 14:22:40', NULL),
(1736, 115, 8, '2024-05-14 14:22:40', '2024-05-14 14:22:40', NULL),
(1737, 115, 9, '2024-05-14 14:22:40', '2024-05-14 14:22:40', NULL),
(1738, 115, 10, '2024-05-14 14:22:40', '2024-05-14 14:22:40', NULL),
(1739, 115, 11, '2024-05-14 14:22:40', '2024-05-14 14:22:40', NULL),
(1740, 115, 12, '2024-05-14 14:22:40', '2024-05-14 14:22:40', NULL),
(1741, 115, 13, '2024-05-14 14:22:40', '2024-05-14 14:22:40', NULL),
(1742, 115, 14, '2024-05-14 14:22:40', '2024-05-14 14:22:40', NULL),
(1743, 115, 15, '2024-05-14 14:22:40', '2024-05-14 14:22:40', NULL),
(1744, 115, 16, '2024-05-14 14:22:40', '2024-05-14 14:22:40', NULL),
(1745, 115, 17, '2024-05-14 14:22:40', '2024-05-14 14:22:40', NULL),
(1746, 115, 18, '2024-05-14 14:22:40', '2024-05-14 14:22:40', NULL),
(1747, 115, 19, '2024-05-14 14:22:40', '2024-05-14 14:22:40', NULL),
(1748, 115, 20, '2024-05-14 14:22:40', '2024-05-14 14:22:40', NULL),
(1749, 115, 21, '2024-05-14 14:22:40', '2024-05-14 14:22:40', NULL),
(1750, 115, 22, '2024-05-14 14:22:40', '2024-05-14 14:22:40', NULL),
(1751, 115, 23, '2024-05-14 14:22:40', '2024-05-14 14:22:40', NULL),
(1752, 115, 24, '2024-05-14 14:22:40', '2024-05-14 14:22:40', NULL),
(1753, 115, 33, '2024-05-14 14:22:40', '2024-05-14 14:22:40', NULL),
(1754, 115, 34, '2024-05-14 14:22:40', '2024-05-14 14:22:40', NULL),
(1755, 115, 35, '2024-05-14 14:22:40', '2024-05-14 14:22:40', NULL),
(1756, 115, 36, '2024-05-14 14:22:40', '2024-05-14 14:22:40', NULL),
(1757, 115, 37, '2024-05-14 14:22:40', '2024-05-14 14:22:40', NULL),
(1758, 115, 38, '2024-05-14 14:22:40', '2024-05-14 14:22:40', NULL),
(1759, 115, 39, '2024-05-14 14:22:40', '2024-05-14 14:22:40', NULL),
(1760, 115, 40, '2024-05-14 14:22:40', '2024-05-14 14:22:40', NULL),
(1761, 115, 1, '2024-05-14 14:22:40', '2024-05-14 14:22:40', NULL),
(1762, 115, 2, '2024-05-14 14:22:40', '2024-05-14 14:22:40', NULL),
(1763, 115, 3, '2024-05-14 14:22:40', '2024-05-14 14:22:40', NULL),
(1764, 115, 4, '2024-05-14 14:22:40', '2024-05-14 14:22:40', NULL),
(1765, 116, 1, '2024-05-16 14:42:17', '2024-05-16 14:42:17', NULL),
(1766, 116, 2, '2024-05-16 14:42:17', '2024-05-16 14:42:17', NULL),
(1767, 116, 3, '2024-05-16 14:42:17', '2024-05-16 14:42:17', NULL),
(1768, 116, 4, '2024-05-16 14:42:17', '2024-05-16 14:42:17', NULL),
(1769, 116, 5, '2024-05-16 14:42:17', '2024-05-16 14:42:17', NULL),
(1770, 116, 6, '2024-05-16 14:42:17', '2024-05-16 14:42:17', NULL),
(1771, 116, 7, '2024-05-16 14:42:17', '2024-05-16 14:42:17', NULL),
(1772, 116, 8, '2024-05-16 14:42:17', '2024-05-16 14:42:17', NULL),
(1773, 116, 9, '2024-05-16 14:42:17', '2024-05-16 14:42:17', NULL),
(1774, 116, 10, '2024-05-16 14:42:17', '2024-05-16 14:42:17', NULL),
(1775, 116, 11, '2024-05-16 14:42:17', '2024-05-16 14:42:17', NULL),
(1776, 116, 12, '2024-05-16 14:42:17', '2024-05-16 14:42:17', NULL),
(1777, 116, 25, '2024-05-16 14:42:17', '2024-05-16 14:42:17', NULL),
(1778, 116, 26, '2024-05-16 14:42:17', '2024-05-16 14:42:17', NULL),
(1779, 116, 27, '2024-05-16 14:42:17', '2024-05-16 14:42:17', NULL),
(1780, 116, 28, '2024-05-16 14:42:17', '2024-05-16 14:42:17', NULL),
(1781, 116, 29, '2024-05-16 14:42:17', '2024-05-16 14:42:17', NULL),
(1782, 116, 30, '2024-05-16 14:42:17', '2024-05-16 14:42:17', NULL),
(1783, 116, 31, '2024-05-16 14:42:17', '2024-05-16 14:42:17', NULL),
(1784, 116, 32, '2024-05-16 14:42:17', '2024-05-16 14:42:17', NULL),
(1785, 116, 33, '2024-05-16 14:42:17', '2024-05-16 14:42:17', NULL),
(1786, 116, 34, '2024-05-16 14:42:17', '2024-05-16 14:42:17', NULL),
(1787, 116, 35, '2024-05-16 14:42:17', '2024-05-16 14:42:17', NULL),
(1788, 116, 36, '2024-05-16 14:42:17', '2024-05-16 14:42:17', NULL),
(1789, 116, 37, '2024-05-16 14:42:17', '2024-05-16 14:42:17', NULL),
(1790, 116, 38, '2024-05-16 14:42:17', '2024-05-16 14:42:17', NULL),
(1791, 116, 39, '2024-05-16 14:42:17', '2024-05-16 14:42:17', NULL),
(1792, 116, 40, '2024-05-16 14:42:17', '2024-05-16 14:42:17', NULL),
(1793, 117, 1, '2024-05-26 17:42:53', '2024-05-26 17:42:53', NULL),
(1794, 117, 2, '2024-05-26 17:42:53', '2024-05-26 17:42:53', NULL),
(1795, 117, 3, '2024-05-26 17:42:53', '2024-05-26 17:42:53', NULL),
(1796, 117, 4, '2024-05-26 17:42:53', '2024-05-26 17:42:53', NULL),
(1797, 117, 9, '2024-05-26 17:42:53', '2024-05-26 17:42:53', NULL),
(1798, 117, 10, '2024-05-26 17:42:53', '2024-05-26 17:42:53', NULL),
(1799, 117, 11, '2024-05-26 17:42:53', '2024-05-26 17:42:53', NULL),
(1800, 117, 12, '2024-05-26 17:42:53', '2024-05-26 17:42:53', NULL),
(1801, 117, 13, '2024-05-26 17:42:53', '2024-05-26 17:42:53', NULL),
(1802, 117, 14, '2024-05-26 17:42:53', '2024-05-26 17:42:53', NULL),
(1803, 117, 15, '2024-05-26 17:42:53', '2024-05-26 17:42:53', NULL),
(1804, 117, 16, '2024-05-26 17:42:53', '2024-05-26 17:42:53', NULL),
(1805, 117, 5, '2024-05-26 17:42:53', '2024-05-26 17:42:53', NULL),
(1806, 117, 6, '2024-05-26 17:42:53', '2024-05-26 17:42:53', NULL),
(1807, 117, 7, '2024-05-26 17:42:53', '2024-05-26 17:42:53', NULL),
(1808, 117, 8, '2024-05-26 17:42:53', '2024-05-26 17:42:53', NULL),
(1809, 117, 17, '2024-05-26 17:42:53', '2024-05-26 17:42:53', NULL),
(1810, 117, 18, '2024-05-26 17:42:53', '2024-05-26 17:42:53', NULL),
(1811, 117, 19, '2024-05-26 17:42:53', '2024-05-26 17:42:53', NULL),
(1812, 117, 20, '2024-05-26 17:42:53', '2024-05-26 17:42:53', NULL),
(1813, 117, 21, '2024-05-26 17:42:53', '2024-05-26 17:42:53', NULL),
(1814, 117, 22, '2024-05-26 17:42:53', '2024-05-26 17:42:53', NULL),
(1815, 117, 23, '2024-05-26 17:42:53', '2024-05-26 17:42:53', NULL),
(1816, 117, 24, '2024-05-26 17:42:53', '2024-05-26 17:42:53', NULL),
(1817, 117, 25, '2024-05-26 17:42:53', '2024-05-26 17:42:53', NULL),
(1818, 117, 26, '2024-05-26 17:42:53', '2024-05-26 17:42:53', NULL),
(1819, 117, 27, '2024-05-26 17:42:53', '2024-05-26 17:42:53', NULL),
(1820, 117, 28, '2024-05-26 17:42:53', '2024-05-26 17:42:53', NULL),
(1821, 117, 29, '2024-05-26 17:42:53', '2024-05-26 17:42:53', NULL),
(1822, 117, 30, '2024-05-26 17:42:53', '2024-05-26 17:42:53', NULL),
(1823, 117, 31, '2024-05-26 17:42:53', '2024-05-26 17:42:53', NULL),
(1824, 117, 32, '2024-05-26 17:42:53', '2024-05-26 17:42:53', NULL),
(1825, 117, 33, '2024-05-26 17:42:53', '2024-05-26 17:42:53', NULL),
(1826, 117, 34, '2024-05-26 17:42:53', '2024-05-26 17:42:53', NULL),
(1827, 117, 35, '2024-05-26 17:42:53', '2024-05-26 17:42:53', NULL),
(1828, 117, 36, '2024-05-26 17:42:53', '2024-05-26 17:42:53', NULL),
(1829, 117, 37, '2024-05-26 17:42:53', '2024-05-26 17:42:53', NULL),
(1830, 117, 38, '2024-05-26 17:42:53', '2024-05-26 17:42:53', NULL),
(1831, 117, 39, '2024-05-26 17:42:53', '2024-05-26 17:42:53', NULL),
(1832, 117, 40, '2024-05-26 17:42:53', '2024-05-26 17:42:53', NULL),
(1833, 118, 9, '2024-05-26 17:42:53', '2024-05-26 17:42:53', NULL),
(1834, 118, 10, '2024-05-26 17:42:53', '2024-05-26 17:42:53', NULL),
(1835, 118, 11, '2024-05-26 17:42:53', '2024-05-26 17:42:53', NULL),
(1836, 118, 12, '2024-05-26 17:42:53', '2024-05-26 17:42:53', NULL),
(1837, 118, 13, '2024-05-26 17:42:53', '2024-05-26 17:42:53', NULL),
(1838, 118, 14, '2024-05-26 17:42:53', '2024-05-26 17:42:53', NULL),
(1839, 118, 15, '2024-05-26 17:42:53', '2024-05-26 17:42:53', NULL),
(1840, 118, 16, '2024-05-26 17:42:53', '2024-05-26 17:42:53', NULL),
(1841, 118, 17, '2024-05-26 17:42:53', '2024-05-26 17:42:53', NULL),
(1842, 118, 18, '2024-05-26 17:42:53', '2024-05-26 17:42:53', NULL),
(1843, 118, 19, '2024-05-26 17:42:53', '2024-05-26 17:42:53', NULL),
(1844, 118, 20, '2024-05-26 17:42:53', '2024-05-26 17:42:53', NULL),
(1845, 118, 21, '2024-05-26 17:42:53', '2024-05-26 17:42:53', NULL),
(1846, 118, 22, '2024-05-26 17:42:53', '2024-05-26 17:42:53', NULL),
(1847, 118, 23, '2024-05-26 17:42:53', '2024-05-26 17:42:53', NULL),
(1848, 118, 24, '2024-05-26 17:42:53', '2024-05-26 17:42:53', NULL),
(1849, 118, 25, '2024-05-26 17:42:53', '2024-05-26 17:42:53', NULL),
(1850, 118, 26, '2024-05-26 17:42:53', '2024-05-26 17:42:53', NULL),
(1851, 118, 27, '2024-05-26 17:42:53', '2024-05-26 17:42:53', NULL),
(1852, 118, 28, '2024-05-26 17:42:53', '2024-05-26 17:42:53', NULL),
(1853, 118, 29, '2024-05-26 17:42:53', '2024-05-26 17:42:53', NULL),
(1854, 118, 30, '2024-05-26 17:42:53', '2024-05-26 17:42:53', NULL),
(1855, 118, 31, '2024-05-26 17:42:53', '2024-05-26 17:42:53', NULL),
(1856, 118, 32, '2024-05-26 17:42:53', '2024-05-26 17:42:53', NULL),
(1857, 118, 33, '2024-05-26 17:42:53', '2024-05-26 17:42:53', NULL),
(1858, 118, 34, '2024-05-26 17:42:53', '2024-05-26 17:42:53', NULL),
(1859, 118, 35, '2024-05-26 17:42:53', '2024-05-26 17:42:53', NULL),
(1860, 118, 36, '2024-05-26 17:42:53', '2024-05-26 17:42:53', NULL),
(1861, 118, 37, '2024-05-26 17:42:53', '2024-05-26 17:42:53', NULL),
(1862, 118, 38, '2024-05-26 17:42:53', '2024-05-26 17:42:53', NULL),
(1863, 118, 39, '2024-05-26 17:42:53', '2024-05-26 17:42:53', NULL),
(1864, 118, 40, '2024-05-26 17:42:53', '2024-05-26 17:42:53', NULL),
(1865, 119, 9, '2024-05-26 17:42:53', '2024-05-26 17:42:53', NULL),
(1866, 119, 10, '2024-05-26 17:42:53', '2024-05-26 17:42:53', NULL),
(1867, 119, 11, '2024-05-26 17:42:53', '2024-05-26 17:42:53', NULL),
(1868, 119, 12, '2024-05-26 17:42:53', '2024-05-26 17:42:53', NULL),
(1869, 119, 13, '2024-05-26 17:42:53', '2024-05-26 17:42:53', NULL),
(1870, 119, 14, '2024-05-26 17:42:53', '2024-05-26 17:42:53', NULL),
(1871, 119, 15, '2024-05-26 17:42:53', '2024-05-26 17:42:53', NULL),
(1872, 119, 16, '2024-05-26 17:42:53', '2024-05-26 17:42:53', NULL),
(1873, 119, 17, '2024-05-26 17:42:53', '2024-05-26 17:42:53', NULL),
(1874, 119, 18, '2024-05-26 17:42:53', '2024-05-26 17:42:53', NULL),
(1875, 119, 19, '2024-05-26 17:42:53', '2024-05-26 17:42:53', NULL),
(1876, 119, 20, '2024-05-26 17:42:53', '2024-05-26 17:42:53', NULL),
(1877, 119, 21, '2024-05-26 17:42:53', '2024-05-26 17:42:53', NULL),
(1878, 119, 22, '2024-05-26 17:42:53', '2024-05-26 17:42:53', NULL),
(1879, 119, 23, '2024-05-26 17:42:53', '2024-05-26 17:42:53', NULL),
(1880, 119, 24, '2024-05-26 17:42:53', '2024-05-26 17:42:53', NULL),
(1881, 119, 25, '2024-05-26 17:42:53', '2024-05-26 17:42:53', NULL),
(1882, 119, 26, '2024-05-26 17:42:53', '2024-05-26 17:42:53', NULL),
(1883, 119, 27, '2024-05-26 17:42:53', '2024-05-26 17:42:53', NULL),
(1884, 119, 28, '2024-05-26 17:42:53', '2024-05-26 17:42:53', NULL),
(1885, 119, 29, '2024-05-26 17:42:53', '2024-05-26 17:42:53', NULL),
(1886, 119, 30, '2024-05-26 17:42:53', '2024-05-26 17:42:53', NULL),
(1887, 119, 31, '2024-05-26 17:42:53', '2024-05-26 17:42:53', NULL),
(1888, 119, 32, '2024-05-26 17:42:53', '2024-05-26 17:42:53', NULL),
(1889, 119, 33, '2024-05-26 17:42:53', '2024-05-26 17:42:53', NULL),
(1890, 119, 34, '2024-05-26 17:42:53', '2024-05-26 17:42:53', NULL),
(1891, 119, 35, '2024-05-26 17:42:53', '2024-05-26 17:42:53', NULL),
(1892, 119, 36, '2024-05-26 17:42:53', '2024-05-26 17:42:53', NULL),
(1893, 119, 37, '2024-05-26 17:42:53', '2024-05-26 17:42:53', NULL),
(1894, 119, 38, '2024-05-26 17:42:53', '2024-05-26 17:42:53', NULL),
(1895, 119, 39, '2024-05-26 17:42:53', '2024-05-26 17:42:53', NULL),
(1896, 119, 40, '2024-05-26 17:42:53', '2024-05-26 17:42:53', NULL),
(1897, 120, 9, '2024-05-26 17:42:53', '2024-05-26 17:42:53', NULL),
(1898, 120, 10, '2024-05-26 17:42:53', '2024-05-26 17:42:53', NULL),
(1899, 120, 11, '2024-05-26 17:42:53', '2024-05-26 17:42:53', NULL),
(1900, 120, 12, '2024-05-26 17:42:53', '2024-05-26 17:42:53', NULL),
(1901, 120, 13, '2024-05-26 17:42:53', '2024-05-26 17:42:53', NULL),
(1902, 120, 14, '2024-05-26 17:42:53', '2024-05-26 17:42:53', NULL),
(1903, 120, 15, '2024-05-26 17:42:53', '2024-05-26 17:42:53', NULL),
(1904, 120, 16, '2024-05-26 17:42:53', '2024-05-26 17:42:53', NULL),
(1905, 120, 17, '2024-05-26 17:42:53', '2024-05-26 17:42:53', NULL),
(1906, 120, 18, '2024-05-26 17:42:53', '2024-05-26 17:42:53', NULL),
(1907, 120, 19, '2024-05-26 17:42:53', '2024-05-26 17:42:53', NULL),
(1908, 120, 20, '2024-05-26 17:42:53', '2024-05-26 17:42:53', NULL),
(1909, 120, 21, '2024-05-26 17:42:53', '2024-05-26 17:42:53', NULL),
(1910, 120, 22, '2024-05-26 17:42:53', '2024-05-26 17:42:53', NULL),
(1911, 120, 23, '2024-05-26 17:42:53', '2024-05-26 17:42:53', NULL),
(1912, 120, 24, '2024-05-26 17:42:53', '2024-05-26 17:42:53', NULL),
(1913, 120, 25, '2024-05-26 17:42:53', '2024-05-26 17:42:53', NULL),
(1914, 120, 26, '2024-05-26 17:42:53', '2024-05-26 17:42:53', NULL),
(1915, 120, 27, '2024-05-26 17:42:53', '2024-05-26 17:42:53', NULL),
(1916, 120, 28, '2024-05-26 17:42:53', '2024-05-26 17:42:53', NULL),
(1917, 120, 29, '2024-05-26 17:42:53', '2024-05-26 17:42:53', NULL),
(1918, 120, 30, '2024-05-26 17:42:53', '2024-05-26 17:42:53', NULL),
(1919, 120, 31, '2024-05-26 17:42:53', '2024-05-26 17:42:53', NULL),
(1920, 120, 32, '2024-05-26 17:42:53', '2024-05-26 17:42:53', NULL),
(1921, 120, 33, '2024-05-26 17:42:53', '2024-05-26 17:42:53', NULL),
(1922, 120, 34, '2024-05-26 17:42:53', '2024-05-26 17:42:53', NULL),
(1923, 120, 35, '2024-05-26 17:42:53', '2024-05-26 17:42:53', NULL),
(1924, 120, 36, '2024-05-26 17:42:53', '2024-05-26 17:42:53', NULL),
(1925, 120, 37, '2024-05-26 17:42:53', '2024-05-26 17:42:53', NULL),
(1926, 120, 38, '2024-05-26 17:42:53', '2024-05-26 17:42:53', NULL),
(1927, 120, 39, '2024-05-26 17:42:53', '2024-05-26 17:42:53', NULL),
(1928, 120, 40, '2024-05-26 17:42:53', '2024-05-26 17:42:53', NULL),
(1929, 121, 9, '2024-05-26 17:42:53', '2024-05-26 17:42:53', NULL),
(1930, 121, 10, '2024-05-26 17:42:53', '2024-05-26 17:42:53', NULL),
(1931, 121, 11, '2024-05-26 17:42:53', '2024-05-26 17:42:53', NULL),
(1932, 121, 12, '2024-05-26 17:42:53', '2024-05-26 17:42:53', NULL),
(1933, 121, 13, '2024-05-26 17:42:53', '2024-05-26 17:42:53', NULL),
(1934, 121, 14, '2024-05-26 17:42:53', '2024-05-26 17:42:53', NULL),
(1935, 121, 15, '2024-05-26 17:42:53', '2024-05-26 17:42:53', NULL),
(1936, 121, 16, '2024-05-26 17:42:53', '2024-05-26 17:42:53', NULL),
(1937, 121, 17, '2024-05-26 17:42:53', '2024-05-26 17:42:53', NULL),
(1938, 121, 18, '2024-05-26 17:42:53', '2024-05-26 17:42:53', NULL),
(1939, 121, 19, '2024-05-26 17:42:53', '2024-05-26 17:42:53', NULL),
(1940, 121, 20, '2024-05-26 17:42:53', '2024-05-26 17:42:53', NULL),
(1941, 121, 21, '2024-05-26 17:42:53', '2024-05-26 17:42:53', NULL),
(1942, 121, 22, '2024-05-26 17:42:53', '2024-05-26 17:42:53', NULL),
(1943, 121, 23, '2024-05-26 17:42:53', '2024-05-26 17:42:53', NULL),
(1944, 121, 24, '2024-05-26 17:42:53', '2024-05-26 17:42:53', NULL),
(1945, 121, 25, '2024-05-26 17:42:53', '2024-05-26 17:42:53', NULL),
(1946, 121, 26, '2024-05-26 17:42:53', '2024-05-26 17:42:53', NULL),
(1947, 121, 27, '2024-05-26 17:42:53', '2024-05-26 17:42:53', NULL),
(1948, 121, 28, '2024-05-26 17:42:53', '2024-05-26 17:42:53', NULL),
(1949, 121, 29, '2024-05-26 17:42:53', '2024-05-26 17:42:53', NULL),
(1950, 121, 30, '2024-05-26 17:42:53', '2024-05-26 17:42:53', NULL),
(1951, 121, 31, '2024-05-26 17:42:53', '2024-05-26 17:42:53', NULL),
(1952, 121, 32, '2024-05-26 17:42:53', '2024-05-26 17:42:53', NULL),
(1953, 121, 33, '2024-05-26 17:42:53', '2024-05-26 17:42:53', NULL),
(1954, 121, 34, '2024-05-26 17:42:53', '2024-05-26 17:42:53', NULL),
(1955, 121, 35, '2024-05-26 17:42:53', '2024-05-26 17:42:53', NULL),
(1956, 121, 36, '2024-05-26 17:42:53', '2024-05-26 17:42:53', NULL),
(1957, 121, 37, '2024-05-26 17:42:53', '2024-05-26 17:42:53', NULL),
(1958, 121, 38, '2024-05-26 17:42:53', '2024-05-26 17:42:53', NULL),
(1959, 121, 39, '2024-05-26 17:42:53', '2024-05-26 17:42:53', NULL),
(1960, 121, 40, '2024-05-26 17:42:53', '2024-05-26 17:42:53', NULL),
(1961, 122, 1, '2024-05-26 17:42:56', '2024-05-26 17:42:56', NULL),
(1962, 122, 2, '2024-05-26 17:42:56', '2024-05-26 17:42:56', NULL),
(1963, 122, 3, '2024-05-26 17:42:56', '2024-05-26 17:42:56', NULL),
(1964, 122, 4, '2024-05-26 17:42:56', '2024-05-26 17:42:56', NULL),
(1965, 122, 9, '2024-05-26 17:42:56', '2024-05-26 17:42:56', NULL),
(1966, 122, 10, '2024-05-26 17:42:56', '2024-05-26 17:42:56', NULL),
(1967, 122, 11, '2024-05-26 17:42:56', '2024-05-26 17:42:56', NULL),
(1968, 122, 12, '2024-05-26 17:42:56', '2024-05-26 17:42:56', NULL),
(1969, 122, 13, '2024-05-26 17:42:56', '2024-05-26 17:42:56', NULL),
(1970, 122, 14, '2024-05-26 17:42:56', '2024-05-26 17:42:56', NULL),
(1971, 122, 15, '2024-05-26 17:42:56', '2024-05-26 17:42:56', NULL),
(1972, 122, 16, '2024-05-26 17:42:56', '2024-05-26 17:42:56', NULL),
(1973, 122, 5, '2024-05-26 17:42:56', '2024-05-26 17:42:56', NULL),
(1974, 122, 6, '2024-05-26 17:42:56', '2024-05-26 17:42:56', NULL),
(1975, 122, 7, '2024-05-26 17:42:56', '2024-05-26 17:42:56', NULL),
(1976, 122, 8, '2024-05-26 17:42:56', '2024-05-26 17:42:56', NULL),
(1977, 122, 17, '2024-05-26 17:42:56', '2024-05-26 17:42:56', NULL),
(1978, 122, 18, '2024-05-26 17:42:56', '2024-05-26 17:42:56', NULL),
(1979, 122, 19, '2024-05-26 17:42:56', '2024-05-26 17:42:56', NULL),
(1980, 122, 20, '2024-05-26 17:42:56', '2024-05-26 17:42:56', NULL),
(1981, 122, 21, '2024-05-26 17:42:56', '2024-05-26 17:42:56', NULL),
(1982, 122, 22, '2024-05-26 17:42:56', '2024-05-26 17:42:56', NULL),
(1983, 122, 23, '2024-05-26 17:42:56', '2024-05-26 17:42:56', NULL),
(1984, 122, 24, '2024-05-26 17:42:56', '2024-05-26 17:42:56', NULL),
(1985, 122, 25, '2024-05-26 17:42:56', '2024-05-26 17:42:56', NULL),
(1986, 122, 26, '2024-05-26 17:42:56', '2024-05-26 17:42:56', NULL),
(1987, 122, 27, '2024-05-26 17:42:56', '2024-05-26 17:42:56', NULL),
(1988, 122, 28, '2024-05-26 17:42:56', '2024-05-26 17:42:56', NULL),
(1989, 122, 29, '2024-05-26 17:42:56', '2024-05-26 17:42:56', NULL),
(1990, 122, 30, '2024-05-26 17:42:56', '2024-05-26 17:42:56', NULL),
(1991, 122, 31, '2024-05-26 17:42:56', '2024-05-26 17:42:56', NULL),
(1992, 122, 32, '2024-05-26 17:42:56', '2024-05-26 17:42:56', NULL),
(1993, 122, 33, '2024-05-26 17:42:56', '2024-05-26 17:42:56', NULL),
(1994, 122, 34, '2024-05-26 17:42:56', '2024-05-26 17:42:56', NULL),
(1995, 122, 35, '2024-05-26 17:42:56', '2024-05-26 17:42:56', NULL),
(1996, 122, 36, '2024-05-26 17:42:56', '2024-05-26 17:42:56', NULL),
(1997, 122, 37, '2024-05-26 17:42:56', '2024-05-26 17:42:56', NULL),
(1998, 122, 38, '2024-05-26 17:42:56', '2024-05-26 17:42:56', NULL),
(1999, 122, 39, '2024-05-26 17:42:56', '2024-05-26 17:42:56', NULL),
(2000, 122, 40, '2024-05-26 17:42:56', '2024-05-26 17:42:56', NULL),
(2001, 123, 9, '2024-05-26 17:42:56', '2024-05-26 17:42:56', NULL),
(2002, 123, 10, '2024-05-26 17:42:56', '2024-05-26 17:42:56', NULL),
(2003, 123, 11, '2024-05-26 17:42:56', '2024-05-26 17:42:56', NULL),
(2004, 123, 12, '2024-05-26 17:42:56', '2024-05-26 17:42:56', NULL),
(2005, 123, 13, '2024-05-26 17:42:56', '2024-05-26 17:42:56', NULL),
(2006, 123, 14, '2024-05-26 17:42:56', '2024-05-26 17:42:56', NULL),
(2007, 123, 15, '2024-05-26 17:42:56', '2024-05-26 17:42:56', NULL),
(2008, 123, 16, '2024-05-26 17:42:56', '2024-05-26 17:42:56', NULL),
(2009, 123, 17, '2024-05-26 17:42:56', '2024-05-26 17:42:56', NULL),
(2010, 123, 18, '2024-05-26 17:42:56', '2024-05-26 17:42:56', NULL),
(2011, 123, 19, '2024-05-26 17:42:56', '2024-05-26 17:42:56', NULL),
(2012, 123, 20, '2024-05-26 17:42:56', '2024-05-26 17:42:56', NULL),
(2013, 123, 21, '2024-05-26 17:42:56', '2024-05-26 17:42:56', NULL),
(2014, 123, 22, '2024-05-26 17:42:56', '2024-05-26 17:42:56', NULL),
(2015, 123, 23, '2024-05-26 17:42:56', '2024-05-26 17:42:56', NULL),
(2016, 123, 24, '2024-05-26 17:42:56', '2024-05-26 17:42:56', NULL),
(2017, 123, 25, '2024-05-26 17:42:56', '2024-05-26 17:42:56', NULL),
(2018, 123, 26, '2024-05-26 17:42:56', '2024-05-26 17:42:56', NULL),
(2019, 123, 27, '2024-05-26 17:42:56', '2024-05-26 17:42:56', NULL),
(2020, 123, 28, '2024-05-26 17:42:56', '2024-05-26 17:42:56', NULL),
(2021, 123, 29, '2024-05-26 17:42:56', '2024-05-26 17:42:56', NULL),
(2022, 123, 30, '2024-05-26 17:42:56', '2024-05-26 17:42:56', NULL),
(2023, 123, 31, '2024-05-26 17:42:56', '2024-05-26 17:42:56', NULL),
(2024, 123, 32, '2024-05-26 17:42:56', '2024-05-26 17:42:56', NULL),
(2025, 123, 33, '2024-05-26 17:42:56', '2024-05-26 17:42:56', NULL),
(2026, 123, 34, '2024-05-26 17:42:56', '2024-05-26 17:42:56', NULL),
(2027, 123, 35, '2024-05-26 17:42:56', '2024-05-26 17:42:56', NULL),
(2028, 123, 36, '2024-05-26 17:42:56', '2024-05-26 17:42:56', NULL),
(2029, 123, 37, '2024-05-26 17:42:56', '2024-05-26 17:42:56', NULL),
(2030, 123, 38, '2024-05-26 17:42:56', '2024-05-26 17:42:56', NULL),
(2031, 123, 39, '2024-05-26 17:42:56', '2024-05-26 17:42:56', NULL),
(2032, 123, 40, '2024-05-26 17:42:56', '2024-05-26 17:42:56', NULL),
(2033, 124, 9, '2024-05-26 17:42:56', '2024-05-26 17:42:56', NULL),
(2034, 124, 10, '2024-05-26 17:42:56', '2024-05-26 17:42:56', NULL),
(2035, 124, 11, '2024-05-26 17:42:56', '2024-05-26 17:42:56', NULL),
(2036, 124, 12, '2024-05-26 17:42:56', '2024-05-26 17:42:56', NULL),
(2037, 124, 13, '2024-05-26 17:42:56', '2024-05-26 17:42:56', NULL),
(2038, 124, 14, '2024-05-26 17:42:56', '2024-05-26 17:42:56', NULL),
(2039, 124, 15, '2024-05-26 17:42:56', '2024-05-26 17:42:56', NULL),
(2040, 124, 16, '2024-05-26 17:42:56', '2024-05-26 17:42:56', NULL),
(2041, 124, 17, '2024-05-26 17:42:56', '2024-05-26 17:42:56', NULL),
(2042, 124, 18, '2024-05-26 17:42:56', '2024-05-26 17:42:56', NULL),
(2043, 124, 19, '2024-05-26 17:42:56', '2024-05-26 17:42:56', NULL),
(2044, 124, 20, '2024-05-26 17:42:56', '2024-05-26 17:42:56', NULL),
(2045, 124, 21, '2024-05-26 17:42:56', '2024-05-26 17:42:56', NULL),
(2046, 124, 22, '2024-05-26 17:42:56', '2024-05-26 17:42:56', NULL),
(2047, 124, 23, '2024-05-26 17:42:56', '2024-05-26 17:42:56', NULL),
(2048, 124, 24, '2024-05-26 17:42:56', '2024-05-26 17:42:56', NULL),
(2049, 124, 25, '2024-05-26 17:42:56', '2024-05-26 17:42:56', NULL),
(2050, 124, 26, '2024-05-26 17:42:56', '2024-05-26 17:42:56', NULL),
(2051, 124, 27, '2024-05-26 17:42:56', '2024-05-26 17:42:56', NULL),
(2052, 124, 28, '2024-05-26 17:42:56', '2024-05-26 17:42:56', NULL),
(2053, 124, 29, '2024-05-26 17:42:56', '2024-05-26 17:42:56', NULL),
(2054, 124, 30, '2024-05-26 17:42:56', '2024-05-26 17:42:56', NULL),
(2055, 124, 31, '2024-05-26 17:42:56', '2024-05-26 17:42:56', NULL),
(2056, 124, 32, '2024-05-26 17:42:56', '2024-05-26 17:42:56', NULL),
(2057, 124, 33, '2024-05-26 17:42:56', '2024-05-26 17:42:56', NULL),
(2058, 124, 34, '2024-05-26 17:42:56', '2024-05-26 17:42:56', NULL),
(2059, 124, 35, '2024-05-26 17:42:56', '2024-05-26 17:42:56', NULL),
(2060, 124, 36, '2024-05-26 17:42:56', '2024-05-26 17:42:56', NULL),
(2061, 124, 37, '2024-05-26 17:42:56', '2024-05-26 17:42:56', NULL),
(2062, 124, 38, '2024-05-26 17:42:56', '2024-05-26 17:42:56', NULL),
(2063, 124, 39, '2024-05-26 17:42:56', '2024-05-26 17:42:56', NULL),
(2064, 124, 40, '2024-05-26 17:42:56', '2024-05-26 17:42:56', NULL),
(2065, 125, 9, '2024-05-26 17:42:56', '2024-05-26 17:42:56', NULL),
(2066, 125, 10, '2024-05-26 17:42:56', '2024-05-26 17:42:56', NULL),
(2067, 125, 11, '2024-05-26 17:42:56', '2024-05-26 17:42:56', NULL),
(2068, 125, 12, '2024-05-26 17:42:56', '2024-05-26 17:42:56', NULL),
(2069, 125, 13, '2024-05-26 17:42:56', '2024-05-26 17:42:56', NULL),
(2070, 125, 14, '2024-05-26 17:42:56', '2024-05-26 17:42:56', NULL),
(2071, 125, 15, '2024-05-26 17:42:56', '2024-05-26 17:42:56', NULL),
(2072, 125, 16, '2024-05-26 17:42:56', '2024-05-26 17:42:56', NULL),
(2073, 125, 17, '2024-05-26 17:42:56', '2024-05-26 17:42:56', NULL),
(2074, 125, 18, '2024-05-26 17:42:56', '2024-05-26 17:42:56', NULL),
(2075, 125, 19, '2024-05-26 17:42:56', '2024-05-26 17:42:56', NULL),
(2076, 125, 20, '2024-05-26 17:42:56', '2024-05-26 17:42:56', NULL),
(2077, 125, 21, '2024-05-26 17:42:56', '2024-05-26 17:42:56', NULL),
(2078, 125, 22, '2024-05-26 17:42:56', '2024-05-26 17:42:56', NULL),
(2079, 125, 23, '2024-05-26 17:42:56', '2024-05-26 17:42:56', NULL),
(2080, 125, 24, '2024-05-26 17:42:56', '2024-05-26 17:42:56', NULL),
(2081, 125, 25, '2024-05-26 17:42:56', '2024-05-26 17:42:56', NULL),
(2082, 125, 26, '2024-05-26 17:42:56', '2024-05-26 17:42:56', NULL),
(2083, 125, 27, '2024-05-26 17:42:56', '2024-05-26 17:42:56', NULL),
(2084, 125, 28, '2024-05-26 17:42:56', '2024-05-26 17:42:56', NULL),
(2085, 125, 29, '2024-05-26 17:42:56', '2024-05-26 17:42:56', NULL),
(2086, 125, 30, '2024-05-26 17:42:56', '2024-05-26 17:42:56', NULL),
(2087, 125, 31, '2024-05-26 17:42:56', '2024-05-26 17:42:56', NULL),
(2088, 125, 32, '2024-05-26 17:42:56', '2024-05-26 17:42:56', NULL),
(2089, 125, 33, '2024-05-26 17:42:56', '2024-05-26 17:42:56', NULL),
(2090, 125, 34, '2024-05-26 17:42:56', '2024-05-26 17:42:56', NULL),
(2091, 125, 35, '2024-05-26 17:42:56', '2024-05-26 17:42:56', NULL),
(2092, 125, 36, '2024-05-26 17:42:56', '2024-05-26 17:42:56', NULL),
(2093, 125, 37, '2024-05-26 17:42:56', '2024-05-26 17:42:56', NULL),
(2094, 125, 38, '2024-05-26 17:42:56', '2024-05-26 17:42:56', NULL),
(2095, 125, 39, '2024-05-26 17:42:56', '2024-05-26 17:42:56', NULL),
(2096, 125, 40, '2024-05-26 17:42:56', '2024-05-26 17:42:56', NULL),
(2097, 126, 9, '2024-05-26 17:42:56', '2024-05-26 17:42:56', NULL),
(2098, 126, 10, '2024-05-26 17:42:56', '2024-05-26 17:42:56', NULL),
(2099, 126, 11, '2024-05-26 17:42:56', '2024-05-26 17:42:56', NULL),
(2100, 126, 12, '2024-05-26 17:42:56', '2024-05-26 17:42:56', NULL),
(2101, 126, 13, '2024-05-26 17:42:56', '2024-05-26 17:42:56', NULL),
(2102, 126, 14, '2024-05-26 17:42:56', '2024-05-26 17:42:56', NULL),
(2103, 126, 15, '2024-05-26 17:42:56', '2024-05-26 17:42:56', NULL),
(2104, 126, 16, '2024-05-26 17:42:56', '2024-05-26 17:42:56', NULL),
(2105, 126, 17, '2024-05-26 17:42:56', '2024-05-26 17:42:56', NULL),
(2106, 126, 18, '2024-05-26 17:42:56', '2024-05-26 17:42:56', NULL),
(2107, 126, 19, '2024-05-26 17:42:56', '2024-05-26 17:42:56', NULL),
(2108, 126, 20, '2024-05-26 17:42:56', '2024-05-26 17:42:56', NULL),
(2109, 126, 21, '2024-05-26 17:42:56', '2024-05-26 17:42:56', NULL),
(2110, 126, 22, '2024-05-26 17:42:56', '2024-05-26 17:42:56', NULL),
(2111, 126, 23, '2024-05-26 17:42:56', '2024-05-26 17:42:56', NULL),
(2112, 126, 24, '2024-05-26 17:42:56', '2024-05-26 17:42:56', NULL),
(2113, 126, 25, '2024-05-26 17:42:56', '2024-05-26 17:42:56', NULL),
(2114, 126, 26, '2024-05-26 17:42:56', '2024-05-26 17:42:56', NULL),
(2115, 126, 27, '2024-05-26 17:42:56', '2024-05-26 17:42:56', NULL),
(2116, 126, 28, '2024-05-26 17:42:56', '2024-05-26 17:42:56', NULL),
(2117, 126, 29, '2024-05-26 17:42:56', '2024-05-26 17:42:56', NULL),
(2118, 126, 30, '2024-05-26 17:42:56', '2024-05-26 17:42:56', NULL),
(2119, 126, 31, '2024-05-26 17:42:56', '2024-05-26 17:42:56', NULL),
(2120, 126, 32, '2024-05-26 17:42:56', '2024-05-26 17:42:56', NULL);
INSERT INTO `doctor_schedule_joins` (`id`, `doctor_schedule_day_id`, `doctor_schedule_hour_id`, `created_at`, `updated_at`, `deleted_at`) VALUES
(2121, 126, 33, '2024-05-26 17:42:56', '2024-05-26 17:42:56', NULL),
(2122, 126, 34, '2024-05-26 17:42:56', '2024-05-26 17:42:56', NULL),
(2123, 126, 35, '2024-05-26 17:42:56', '2024-05-26 17:42:56', NULL),
(2124, 126, 36, '2024-05-26 17:42:56', '2024-05-26 17:42:56', NULL),
(2125, 126, 37, '2024-05-26 17:42:56', '2024-05-26 17:42:56', NULL),
(2126, 126, 38, '2024-05-26 17:42:56', '2024-05-26 17:42:56', NULL),
(2127, 126, 39, '2024-05-26 17:42:56', '2024-05-26 17:42:56', NULL),
(2128, 126, 40, '2024-05-26 17:42:56', '2024-05-26 17:42:56', NULL),
(2129, 127, 5, '2024-05-26 18:15:53', '2024-05-26 18:15:53', NULL),
(2130, 127, 6, '2024-05-26 18:15:53', '2024-05-26 18:15:53', NULL),
(2131, 127, 7, '2024-05-26 18:15:53', '2024-05-26 18:15:53', NULL),
(2132, 127, 8, '2024-05-26 18:15:53', '2024-05-26 18:15:53', NULL),
(2133, 127, 9, '2024-05-26 18:15:53', '2024-05-26 18:15:53', NULL),
(2134, 127, 10, '2024-05-26 18:15:53', '2024-05-26 18:15:53', NULL),
(2135, 127, 11, '2024-05-26 18:15:53', '2024-05-26 18:15:53', NULL),
(2136, 127, 12, '2024-05-26 18:15:53', '2024-05-26 18:15:53', NULL),
(2137, 127, 13, '2024-05-26 18:15:53', '2024-05-26 18:15:53', NULL),
(2138, 127, 14, '2024-05-26 18:15:53', '2024-05-26 18:15:53', NULL),
(2139, 127, 15, '2024-05-26 18:15:53', '2024-05-26 18:15:53', NULL),
(2140, 127, 16, '2024-05-26 18:15:53', '2024-05-26 18:15:53', NULL),
(2141, 127, 17, '2024-05-26 18:15:53', '2024-05-26 18:15:53', NULL),
(2142, 127, 18, '2024-05-26 18:15:53', '2024-05-26 18:15:53', NULL),
(2143, 127, 19, '2024-05-26 18:15:53', '2024-05-26 18:15:53', NULL),
(2144, 127, 20, '2024-05-26 18:15:53', '2024-05-26 18:15:53', NULL),
(2145, 127, 21, '2024-05-26 18:15:53', '2024-05-26 18:15:53', NULL),
(2146, 127, 22, '2024-05-26 18:15:53', '2024-05-26 18:15:53', NULL),
(2147, 127, 23, '2024-05-26 18:15:53', '2024-05-26 18:15:53', NULL),
(2148, 127, 24, '2024-05-26 18:15:53', '2024-05-26 18:15:53', NULL),
(2149, 127, 33, '2024-05-26 18:15:53', '2024-05-26 18:15:53', NULL),
(2150, 127, 34, '2024-05-26 18:15:53', '2024-05-26 18:15:53', NULL),
(2151, 127, 35, '2024-05-26 18:15:53', '2024-05-26 18:15:53', NULL),
(2152, 127, 36, '2024-05-26 18:15:53', '2024-05-26 18:15:53', NULL),
(2153, 127, 37, '2024-05-26 18:15:53', '2024-05-26 18:15:53', NULL),
(2154, 127, 38, '2024-05-26 18:15:53', '2024-05-26 18:15:53', NULL),
(2155, 127, 39, '2024-05-26 18:15:53', '2024-05-26 18:15:53', NULL),
(2156, 127, 40, '2024-05-26 18:15:53', '2024-05-26 18:15:53', NULL),
(2157, 127, 1, '2024-05-26 18:15:53', '2024-05-26 18:15:53', NULL),
(2158, 127, 2, '2024-05-26 18:15:53', '2024-05-26 18:15:53', NULL),
(2159, 127, 3, '2024-05-26 18:15:53', '2024-05-26 18:15:53', NULL),
(2160, 127, 4, '2024-05-26 18:15:53', '2024-05-26 18:15:53', NULL),
(2161, 128, 5, '2024-05-26 20:29:34', '2024-05-26 20:29:34', NULL),
(2162, 128, 6, '2024-05-26 20:29:34', '2024-05-26 20:29:34', NULL),
(2163, 128, 7, '2024-05-26 20:29:34', '2024-05-26 20:29:34', NULL),
(2164, 128, 8, '2024-05-26 20:29:34', '2024-05-26 20:29:34', NULL),
(2165, 128, 9, '2024-05-26 20:29:34', '2024-05-26 20:29:34', NULL),
(2166, 128, 10, '2024-05-26 20:29:34', '2024-05-26 20:29:34', NULL),
(2167, 128, 11, '2024-05-26 20:29:34', '2024-05-26 20:29:34', NULL),
(2168, 128, 12, '2024-05-26 20:29:34', '2024-05-26 20:29:34', NULL),
(2169, 128, 13, '2024-05-26 20:29:34', '2024-05-26 20:29:34', NULL),
(2170, 128, 14, '2024-05-26 20:29:34', '2024-05-26 20:29:34', NULL),
(2171, 128, 15, '2024-05-26 20:29:34', '2024-05-26 20:29:34', NULL),
(2172, 128, 16, '2024-05-26 20:29:34', '2024-05-26 20:29:34', NULL),
(2173, 128, 17, '2024-05-26 20:29:34', '2024-05-26 20:29:34', NULL),
(2174, 128, 18, '2024-05-26 20:29:34', '2024-05-26 20:29:34', NULL),
(2175, 128, 19, '2024-05-26 20:29:34', '2024-05-26 20:29:34', NULL),
(2176, 128, 20, '2024-05-26 20:29:34', '2024-05-26 20:29:34', NULL),
(2177, 128, 21, '2024-05-26 20:29:34', '2024-05-26 20:29:34', NULL),
(2178, 128, 22, '2024-05-26 20:29:34', '2024-05-26 20:29:34', NULL),
(2179, 128, 23, '2024-05-26 20:29:34', '2024-05-26 20:29:34', NULL),
(2180, 128, 24, '2024-05-26 20:29:34', '2024-05-26 20:29:34', NULL),
(2181, 128, 33, '2024-05-26 20:29:34', '2024-05-26 20:29:34', NULL),
(2182, 128, 34, '2024-05-26 20:29:34', '2024-05-26 20:29:34', NULL),
(2183, 128, 35, '2024-05-26 20:29:34', '2024-05-26 20:29:34', NULL),
(2184, 128, 36, '2024-05-26 20:29:34', '2024-05-26 20:29:34', NULL),
(2185, 128, 37, '2024-05-26 20:29:34', '2024-05-26 20:29:34', NULL),
(2186, 128, 38, '2024-05-26 20:29:34', '2024-05-26 20:29:34', NULL),
(2187, 128, 39, '2024-05-26 20:29:34', '2024-05-26 20:29:34', NULL),
(2188, 128, 40, '2024-05-26 20:29:34', '2024-05-26 20:29:34', NULL),
(2189, 128, 1, '2024-05-26 20:29:34', '2024-05-26 20:29:34', NULL),
(2190, 128, 2, '2024-05-26 20:29:34', '2024-05-26 20:29:34', NULL),
(2191, 128, 3, '2024-05-26 20:29:34', '2024-05-26 20:29:34', NULL),
(2192, 128, 4, '2024-05-26 20:29:34', '2024-05-26 20:29:34', NULL),
(2193, 129, 1, '2024-05-26 21:55:50', '2024-05-26 21:55:50', NULL),
(2194, 129, 2, '2024-05-26 21:55:50', '2024-05-26 21:55:50', NULL),
(2195, 129, 3, '2024-05-26 21:55:50', '2024-05-26 21:55:50', NULL),
(2196, 129, 4, '2024-05-26 21:55:50', '2024-05-26 21:55:50', NULL),
(2197, 129, 9, '2024-05-26 21:55:50', '2024-05-26 21:55:50', NULL),
(2198, 129, 10, '2024-05-26 21:55:50', '2024-05-26 21:55:50', NULL),
(2199, 129, 11, '2024-05-26 21:55:50', '2024-05-26 21:55:50', NULL),
(2200, 129, 12, '2024-05-26 21:55:50', '2024-05-26 21:55:50', NULL),
(2201, 129, 13, '2024-05-26 21:55:50', '2024-05-26 21:55:50', NULL),
(2202, 129, 14, '2024-05-26 21:55:50', '2024-05-26 21:55:50', NULL),
(2203, 129, 15, '2024-05-26 21:55:50', '2024-05-26 21:55:50', NULL),
(2204, 129, 16, '2024-05-26 21:55:50', '2024-05-26 21:55:50', NULL),
(2205, 129, 5, '2024-05-26 21:55:50', '2024-05-26 21:55:50', NULL),
(2206, 129, 6, '2024-05-26 21:55:50', '2024-05-26 21:55:50', NULL),
(2207, 129, 7, '2024-05-26 21:55:50', '2024-05-26 21:55:50', NULL),
(2208, 129, 8, '2024-05-26 21:55:50', '2024-05-26 21:55:50', NULL),
(2209, 129, 17, '2024-05-26 21:55:50', '2024-05-26 21:55:50', NULL),
(2210, 129, 18, '2024-05-26 21:55:50', '2024-05-26 21:55:50', NULL),
(2211, 129, 19, '2024-05-26 21:55:50', '2024-05-26 21:55:50', NULL),
(2212, 129, 20, '2024-05-26 21:55:50', '2024-05-26 21:55:50', NULL),
(2213, 129, 21, '2024-05-26 21:55:50', '2024-05-26 21:55:50', NULL),
(2214, 129, 22, '2024-05-26 21:55:50', '2024-05-26 21:55:50', NULL),
(2215, 129, 23, '2024-05-26 21:55:50', '2024-05-26 21:55:50', NULL),
(2216, 129, 24, '2024-05-26 21:55:50', '2024-05-26 21:55:50', NULL),
(2217, 129, 25, '2024-05-26 21:55:50', '2024-05-26 21:55:50', NULL),
(2218, 129, 26, '2024-05-26 21:55:50', '2024-05-26 21:55:50', NULL),
(2219, 129, 27, '2024-05-26 21:55:50', '2024-05-26 21:55:50', NULL),
(2220, 129, 28, '2024-05-26 21:55:50', '2024-05-26 21:55:50', NULL),
(2221, 129, 29, '2024-05-26 21:55:50', '2024-05-26 21:55:50', NULL),
(2222, 129, 30, '2024-05-26 21:55:50', '2024-05-26 21:55:50', NULL),
(2223, 129, 31, '2024-05-26 21:55:50', '2024-05-26 21:55:50', NULL),
(2224, 129, 32, '2024-05-26 21:55:50', '2024-05-26 21:55:50', NULL),
(2225, 129, 33, '2024-05-26 21:55:50', '2024-05-26 21:55:50', NULL),
(2226, 129, 34, '2024-05-26 21:55:50', '2024-05-26 21:55:50', NULL),
(2227, 129, 35, '2024-05-26 21:55:50', '2024-05-26 21:55:50', NULL),
(2228, 129, 36, '2024-05-26 21:55:50', '2024-05-26 21:55:50', NULL),
(2229, 129, 37, '2024-05-26 21:55:50', '2024-05-26 21:55:50', NULL),
(2230, 129, 38, '2024-05-26 21:55:50', '2024-05-26 21:55:50', NULL),
(2231, 129, 39, '2024-05-26 21:55:50', '2024-05-26 21:55:50', NULL),
(2232, 129, 40, '2024-05-26 21:55:50', '2024-05-26 21:55:50', NULL),
(2233, 130, 9, '2024-05-26 21:55:50', '2024-05-26 21:55:50', NULL),
(2234, 130, 10, '2024-05-26 21:55:50', '2024-05-26 21:55:50', NULL),
(2235, 130, 11, '2024-05-26 21:55:50', '2024-05-26 21:55:50', NULL),
(2236, 130, 12, '2024-05-26 21:55:50', '2024-05-26 21:55:50', NULL),
(2237, 130, 13, '2024-05-26 21:55:50', '2024-05-26 21:55:50', NULL),
(2238, 130, 14, '2024-05-26 21:55:50', '2024-05-26 21:55:50', NULL),
(2239, 130, 15, '2024-05-26 21:55:50', '2024-05-26 21:55:50', NULL),
(2240, 130, 16, '2024-05-26 21:55:50', '2024-05-26 21:55:50', NULL),
(2241, 130, 17, '2024-05-26 21:55:50', '2024-05-26 21:55:50', NULL),
(2242, 130, 18, '2024-05-26 21:55:50', '2024-05-26 21:55:50', NULL),
(2243, 130, 19, '2024-05-26 21:55:50', '2024-05-26 21:55:50', NULL),
(2244, 130, 20, '2024-05-26 21:55:50', '2024-05-26 21:55:50', NULL),
(2245, 130, 21, '2024-05-26 21:55:50', '2024-05-26 21:55:50', NULL),
(2246, 130, 22, '2024-05-26 21:55:50', '2024-05-26 21:55:50', NULL),
(2247, 130, 23, '2024-05-26 21:55:50', '2024-05-26 21:55:50', NULL),
(2248, 130, 24, '2024-05-26 21:55:50', '2024-05-26 21:55:50', NULL),
(2249, 130, 25, '2024-05-26 21:55:50', '2024-05-26 21:55:50', NULL),
(2250, 130, 26, '2024-05-26 21:55:50', '2024-05-26 21:55:50', NULL),
(2251, 130, 27, '2024-05-26 21:55:50', '2024-05-26 21:55:50', NULL),
(2252, 130, 28, '2024-05-26 21:55:50', '2024-05-26 21:55:50', NULL),
(2253, 130, 29, '2024-05-26 21:55:50', '2024-05-26 21:55:50', NULL),
(2254, 130, 30, '2024-05-26 21:55:50', '2024-05-26 21:55:50', NULL),
(2255, 130, 31, '2024-05-26 21:55:50', '2024-05-26 21:55:50', NULL),
(2256, 130, 32, '2024-05-26 21:55:50', '2024-05-26 21:55:50', NULL),
(2257, 130, 33, '2024-05-26 21:55:50', '2024-05-26 21:55:50', NULL),
(2258, 130, 34, '2024-05-26 21:55:50', '2024-05-26 21:55:50', NULL),
(2259, 130, 35, '2024-05-26 21:55:50', '2024-05-26 21:55:50', NULL),
(2260, 130, 36, '2024-05-26 21:55:50', '2024-05-26 21:55:50', NULL),
(2261, 130, 37, '2024-05-26 21:55:50', '2024-05-26 21:55:50', NULL),
(2262, 130, 38, '2024-05-26 21:55:50', '2024-05-26 21:55:50', NULL),
(2263, 130, 39, '2024-05-26 21:55:50', '2024-05-26 21:55:50', NULL),
(2264, 130, 40, '2024-05-26 21:55:50', '2024-05-26 21:55:50', NULL),
(2265, 131, 9, '2024-05-26 21:55:50', '2024-05-26 21:55:50', NULL),
(2266, 131, 10, '2024-05-26 21:55:50', '2024-05-26 21:55:50', NULL),
(2267, 131, 11, '2024-05-26 21:55:50', '2024-05-26 21:55:50', NULL),
(2268, 131, 12, '2024-05-26 21:55:50', '2024-05-26 21:55:50', NULL),
(2269, 131, 13, '2024-05-26 21:55:50', '2024-05-26 21:55:50', NULL),
(2270, 131, 14, '2024-05-26 21:55:50', '2024-05-26 21:55:50', NULL),
(2271, 131, 15, '2024-05-26 21:55:50', '2024-05-26 21:55:50', NULL),
(2272, 131, 16, '2024-05-26 21:55:50', '2024-05-26 21:55:50', NULL),
(2273, 131, 17, '2024-05-26 21:55:50', '2024-05-26 21:55:50', NULL),
(2274, 131, 18, '2024-05-26 21:55:50', '2024-05-26 21:55:50', NULL),
(2275, 131, 19, '2024-05-26 21:55:50', '2024-05-26 21:55:50', NULL),
(2276, 131, 20, '2024-05-26 21:55:50', '2024-05-26 21:55:50', NULL),
(2277, 131, 21, '2024-05-26 21:55:50', '2024-05-26 21:55:50', NULL),
(2278, 131, 22, '2024-05-26 21:55:50', '2024-05-26 21:55:50', NULL),
(2279, 131, 23, '2024-05-26 21:55:50', '2024-05-26 21:55:50', NULL),
(2280, 131, 24, '2024-05-26 21:55:50', '2024-05-26 21:55:50', NULL),
(2281, 131, 25, '2024-05-26 21:55:50', '2024-05-26 21:55:50', NULL),
(2282, 131, 26, '2024-05-26 21:55:50', '2024-05-26 21:55:50', NULL),
(2283, 131, 27, '2024-05-26 21:55:50', '2024-05-26 21:55:50', NULL),
(2284, 131, 28, '2024-05-26 21:55:50', '2024-05-26 21:55:50', NULL),
(2285, 131, 29, '2024-05-26 21:55:50', '2024-05-26 21:55:50', NULL),
(2286, 131, 30, '2024-05-26 21:55:50', '2024-05-26 21:55:50', NULL),
(2287, 131, 31, '2024-05-26 21:55:50', '2024-05-26 21:55:50', NULL),
(2288, 131, 32, '2024-05-26 21:55:50', '2024-05-26 21:55:50', NULL),
(2289, 131, 33, '2024-05-26 21:55:50', '2024-05-26 21:55:50', NULL),
(2290, 131, 34, '2024-05-26 21:55:50', '2024-05-26 21:55:50', NULL),
(2291, 131, 35, '2024-05-26 21:55:50', '2024-05-26 21:55:50', NULL),
(2292, 131, 36, '2024-05-26 21:55:50', '2024-05-26 21:55:50', NULL),
(2293, 131, 37, '2024-05-26 21:55:50', '2024-05-26 21:55:50', NULL),
(2294, 131, 38, '2024-05-26 21:55:50', '2024-05-26 21:55:50', NULL),
(2295, 131, 39, '2024-05-26 21:55:50', '2024-05-26 21:55:50', NULL),
(2296, 131, 40, '2024-05-26 21:55:50', '2024-05-26 21:55:50', NULL),
(2297, 132, 9, '2024-05-26 21:55:50', '2024-05-26 21:55:50', NULL),
(2298, 132, 10, '2024-05-26 21:55:50', '2024-05-26 21:55:50', NULL),
(2299, 132, 11, '2024-05-26 21:55:50', '2024-05-26 21:55:50', NULL),
(2300, 132, 12, '2024-05-26 21:55:50', '2024-05-26 21:55:50', NULL),
(2301, 132, 13, '2024-05-26 21:55:50', '2024-05-26 21:55:50', NULL),
(2302, 132, 14, '2024-05-26 21:55:50', '2024-05-26 21:55:50', NULL),
(2303, 132, 15, '2024-05-26 21:55:50', '2024-05-26 21:55:50', NULL),
(2304, 132, 16, '2024-05-26 21:55:50', '2024-05-26 21:55:50', NULL),
(2305, 132, 17, '2024-05-26 21:55:50', '2024-05-26 21:55:50', NULL),
(2306, 132, 18, '2024-05-26 21:55:50', '2024-05-26 21:55:50', NULL),
(2307, 132, 19, '2024-05-26 21:55:50', '2024-05-26 21:55:50', NULL),
(2308, 132, 20, '2024-05-26 21:55:50', '2024-05-26 21:55:50', NULL),
(2309, 132, 21, '2024-05-26 21:55:50', '2024-05-26 21:55:50', NULL),
(2310, 132, 22, '2024-05-26 21:55:50', '2024-05-26 21:55:50', NULL),
(2311, 132, 23, '2024-05-26 21:55:50', '2024-05-26 21:55:50', NULL),
(2312, 132, 24, '2024-05-26 21:55:50', '2024-05-26 21:55:50', NULL),
(2313, 132, 25, '2024-05-26 21:55:50', '2024-05-26 21:55:50', NULL),
(2314, 132, 26, '2024-05-26 21:55:50', '2024-05-26 21:55:50', NULL),
(2315, 132, 27, '2024-05-26 21:55:50', '2024-05-26 21:55:50', NULL),
(2316, 132, 28, '2024-05-26 21:55:50', '2024-05-26 21:55:50', NULL),
(2317, 132, 29, '2024-05-26 21:55:50', '2024-05-26 21:55:50', NULL),
(2318, 132, 30, '2024-05-26 21:55:50', '2024-05-26 21:55:50', NULL),
(2319, 132, 31, '2024-05-26 21:55:50', '2024-05-26 21:55:50', NULL),
(2320, 132, 32, '2024-05-26 21:55:50', '2024-05-26 21:55:50', NULL),
(2321, 132, 33, '2024-05-26 21:55:50', '2024-05-26 21:55:50', NULL),
(2322, 132, 34, '2024-05-26 21:55:50', '2024-05-26 21:55:50', NULL),
(2323, 132, 35, '2024-05-26 21:55:50', '2024-05-26 21:55:50', NULL),
(2324, 132, 36, '2024-05-26 21:55:50', '2024-05-26 21:55:50', NULL),
(2325, 132, 37, '2024-05-26 21:55:50', '2024-05-26 21:55:50', NULL),
(2326, 132, 38, '2024-05-26 21:55:50', '2024-05-26 21:55:50', NULL),
(2327, 132, 39, '2024-05-26 21:55:50', '2024-05-26 21:55:50', NULL),
(2328, 132, 40, '2024-05-26 21:55:50', '2024-05-26 21:55:50', NULL),
(2329, 133, 9, '2024-05-26 21:55:50', '2024-05-26 21:55:50', NULL),
(2330, 133, 10, '2024-05-26 21:55:50', '2024-05-26 21:55:50', NULL),
(2331, 133, 11, '2024-05-26 21:55:50', '2024-05-26 21:55:50', NULL),
(2332, 133, 12, '2024-05-26 21:55:50', '2024-05-26 21:55:50', NULL),
(2333, 133, 13, '2024-05-26 21:55:50', '2024-05-26 21:55:50', NULL),
(2334, 133, 14, '2024-05-26 21:55:50', '2024-05-26 21:55:50', NULL),
(2335, 133, 15, '2024-05-26 21:55:50', '2024-05-26 21:55:50', NULL),
(2336, 133, 16, '2024-05-26 21:55:50', '2024-05-26 21:55:50', NULL),
(2337, 133, 17, '2024-05-26 21:55:50', '2024-05-26 21:55:50', NULL),
(2338, 133, 18, '2024-05-26 21:55:50', '2024-05-26 21:55:50', NULL),
(2339, 133, 19, '2024-05-26 21:55:50', '2024-05-26 21:55:50', NULL),
(2340, 133, 20, '2024-05-26 21:55:50', '2024-05-26 21:55:50', NULL),
(2341, 133, 21, '2024-05-26 21:55:50', '2024-05-26 21:55:50', NULL),
(2342, 133, 22, '2024-05-26 21:55:50', '2024-05-26 21:55:50', NULL),
(2343, 133, 23, '2024-05-26 21:55:50', '2024-05-26 21:55:50', NULL),
(2344, 133, 24, '2024-05-26 21:55:50', '2024-05-26 21:55:50', NULL),
(2345, 133, 25, '2024-05-26 21:55:50', '2024-05-26 21:55:50', NULL),
(2346, 133, 26, '2024-05-26 21:55:50', '2024-05-26 21:55:50', NULL),
(2347, 133, 27, '2024-05-26 21:55:50', '2024-05-26 21:55:50', NULL),
(2348, 133, 28, '2024-05-26 21:55:50', '2024-05-26 21:55:50', NULL),
(2349, 133, 29, '2024-05-26 21:55:50', '2024-05-26 21:55:50', NULL),
(2350, 133, 30, '2024-05-26 21:55:50', '2024-05-26 21:55:50', NULL),
(2351, 133, 31, '2024-05-26 21:55:50', '2024-05-26 21:55:50', NULL),
(2352, 133, 32, '2024-05-26 21:55:50', '2024-05-26 21:55:50', NULL),
(2353, 133, 33, '2024-05-26 21:55:50', '2024-05-26 21:55:50', NULL),
(2354, 133, 34, '2024-05-26 21:55:50', '2024-05-26 21:55:50', NULL),
(2355, 133, 35, '2024-05-26 21:55:50', '2024-05-26 21:55:50', NULL),
(2356, 133, 36, '2024-05-26 21:55:50', '2024-05-26 21:55:50', NULL),
(2357, 133, 37, '2024-05-26 21:55:50', '2024-05-26 21:55:50', NULL),
(2358, 133, 38, '2024-05-26 21:55:50', '2024-05-26 21:55:50', NULL),
(2359, 133, 39, '2024-05-26 21:55:50', '2024-05-26 21:55:50', NULL),
(2360, 133, 40, '2024-05-26 21:55:50', '2024-05-26 21:55:50', NULL),
(2361, 134, 1, '2024-05-27 13:30:37', '2024-05-27 13:30:37', NULL),
(2362, 134, 2, '2024-05-27 13:30:37', '2024-05-27 13:30:37', NULL),
(2363, 134, 3, '2024-05-27 13:30:37', '2024-05-27 13:30:37', NULL),
(2364, 134, 4, '2024-05-27 13:30:37', '2024-05-27 13:30:37', NULL),
(2365, 134, 9, '2024-05-27 13:30:37', '2024-05-27 13:30:37', NULL),
(2366, 134, 10, '2024-05-27 13:30:37', '2024-05-27 13:30:37', NULL),
(2367, 134, 11, '2024-05-27 13:30:37', '2024-05-27 13:30:37', NULL),
(2368, 134, 12, '2024-05-27 13:30:37', '2024-05-27 13:30:37', NULL),
(2369, 134, 13, '2024-05-27 13:30:37', '2024-05-27 13:30:37', NULL),
(2370, 134, 14, '2024-05-27 13:30:37', '2024-05-27 13:30:37', NULL),
(2371, 134, 15, '2024-05-27 13:30:37', '2024-05-27 13:30:37', NULL),
(2372, 134, 16, '2024-05-27 13:30:37', '2024-05-27 13:30:37', NULL),
(2373, 134, 5, '2024-05-27 13:30:37', '2024-05-27 13:30:37', NULL),
(2374, 134, 6, '2024-05-27 13:30:37', '2024-05-27 13:30:37', NULL),
(2375, 134, 7, '2024-05-27 13:30:37', '2024-05-27 13:30:37', NULL),
(2376, 134, 8, '2024-05-27 13:30:37', '2024-05-27 13:30:37', NULL),
(2377, 134, 17, '2024-05-27 13:30:37', '2024-05-27 13:30:37', NULL),
(2378, 134, 18, '2024-05-27 13:30:37', '2024-05-27 13:30:37', NULL),
(2379, 134, 19, '2024-05-27 13:30:37', '2024-05-27 13:30:37', NULL),
(2380, 134, 20, '2024-05-27 13:30:37', '2024-05-27 13:30:37', NULL),
(2381, 134, 21, '2024-05-27 13:30:37', '2024-05-27 13:30:37', NULL),
(2382, 134, 22, '2024-05-27 13:30:37', '2024-05-27 13:30:37', NULL),
(2383, 134, 23, '2024-05-27 13:30:37', '2024-05-27 13:30:37', NULL),
(2384, 134, 24, '2024-05-27 13:30:37', '2024-05-27 13:30:37', NULL),
(2385, 134, 25, '2024-05-27 13:30:37', '2024-05-27 13:30:37', NULL),
(2386, 134, 26, '2024-05-27 13:30:37', '2024-05-27 13:30:37', NULL),
(2387, 134, 27, '2024-05-27 13:30:37', '2024-05-27 13:30:37', NULL),
(2388, 134, 28, '2024-05-27 13:30:37', '2024-05-27 13:30:37', NULL),
(2389, 134, 29, '2024-05-27 13:30:37', '2024-05-27 13:30:37', NULL),
(2390, 134, 30, '2024-05-27 13:30:37', '2024-05-27 13:30:37', NULL),
(2391, 134, 31, '2024-05-27 13:30:37', '2024-05-27 13:30:37', NULL),
(2392, 134, 32, '2024-05-27 13:30:37', '2024-05-27 13:30:37', NULL),
(2393, 134, 33, '2024-05-27 13:30:37', '2024-05-27 13:30:37', NULL),
(2394, 134, 34, '2024-05-27 13:30:37', '2024-05-27 13:30:37', NULL),
(2395, 134, 35, '2024-05-27 13:30:37', '2024-05-27 13:30:37', NULL),
(2396, 134, 36, '2024-05-27 13:30:37', '2024-05-27 13:30:37', NULL),
(2397, 134, 37, '2024-05-27 13:30:37', '2024-05-27 13:30:37', NULL),
(2398, 134, 38, '2024-05-27 13:30:37', '2024-05-27 13:30:37', NULL),
(2399, 134, 39, '2024-05-27 13:30:37', '2024-05-27 13:30:37', NULL),
(2400, 134, 40, '2024-05-27 13:30:37', '2024-05-27 13:30:37', NULL),
(2401, 135, 9, '2024-05-27 13:30:37', '2024-05-27 13:30:37', NULL),
(2402, 135, 10, '2024-05-27 13:30:37', '2024-05-27 13:30:37', NULL),
(2403, 135, 11, '2024-05-27 13:30:37', '2024-05-27 13:30:37', NULL),
(2404, 135, 12, '2024-05-27 13:30:37', '2024-05-27 13:30:37', NULL),
(2405, 135, 13, '2024-05-27 13:30:37', '2024-05-27 13:30:37', NULL),
(2406, 135, 14, '2024-05-27 13:30:37', '2024-05-27 13:30:37', NULL),
(2407, 135, 15, '2024-05-27 13:30:37', '2024-05-27 13:30:37', NULL),
(2408, 135, 16, '2024-05-27 13:30:37', '2024-05-27 13:30:37', NULL),
(2409, 135, 17, '2024-05-27 13:30:37', '2024-05-27 13:30:37', NULL),
(2410, 135, 18, '2024-05-27 13:30:37', '2024-05-27 13:30:37', NULL),
(2411, 135, 19, '2024-05-27 13:30:37', '2024-05-27 13:30:37', NULL),
(2412, 135, 20, '2024-05-27 13:30:37', '2024-05-27 13:30:37', NULL),
(2413, 135, 21, '2024-05-27 13:30:37', '2024-05-27 13:30:37', NULL),
(2414, 135, 22, '2024-05-27 13:30:37', '2024-05-27 13:30:37', NULL),
(2415, 135, 23, '2024-05-27 13:30:37', '2024-05-27 13:30:37', NULL),
(2416, 135, 24, '2024-05-27 13:30:37', '2024-05-27 13:30:37', NULL),
(2417, 135, 25, '2024-05-27 13:30:37', '2024-05-27 13:30:37', NULL),
(2418, 135, 26, '2024-05-27 13:30:37', '2024-05-27 13:30:37', NULL),
(2419, 135, 27, '2024-05-27 13:30:37', '2024-05-27 13:30:37', NULL),
(2420, 135, 28, '2024-05-27 13:30:37', '2024-05-27 13:30:37', NULL),
(2421, 135, 29, '2024-05-27 13:30:37', '2024-05-27 13:30:37', NULL),
(2422, 135, 30, '2024-05-27 13:30:37', '2024-05-27 13:30:37', NULL),
(2423, 135, 31, '2024-05-27 13:30:37', '2024-05-27 13:30:37', NULL),
(2424, 135, 32, '2024-05-27 13:30:37', '2024-05-27 13:30:37', NULL),
(2425, 135, 33, '2024-05-27 13:30:37', '2024-05-27 13:30:37', NULL),
(2426, 135, 34, '2024-05-27 13:30:37', '2024-05-27 13:30:37', NULL),
(2427, 135, 35, '2024-05-27 13:30:37', '2024-05-27 13:30:37', NULL),
(2428, 135, 36, '2024-05-27 13:30:37', '2024-05-27 13:30:37', NULL),
(2429, 135, 37, '2024-05-27 13:30:37', '2024-05-27 13:30:37', NULL),
(2430, 135, 38, '2024-05-27 13:30:37', '2024-05-27 13:30:37', NULL),
(2431, 135, 39, '2024-05-27 13:30:37', '2024-05-27 13:30:37', NULL),
(2432, 135, 40, '2024-05-27 13:30:37', '2024-05-27 13:30:37', NULL),
(2433, 136, 9, '2024-05-27 13:30:37', '2024-05-27 13:30:37', NULL),
(2434, 136, 10, '2024-05-27 13:30:37', '2024-05-27 13:30:37', NULL),
(2435, 136, 11, '2024-05-27 13:30:37', '2024-05-27 13:30:37', NULL),
(2436, 136, 12, '2024-05-27 13:30:37', '2024-05-27 13:30:37', NULL),
(2437, 136, 13, '2024-05-27 13:30:37', '2024-05-27 13:30:37', NULL),
(2438, 136, 14, '2024-05-27 13:30:37', '2024-05-27 13:30:37', NULL),
(2439, 136, 15, '2024-05-27 13:30:37', '2024-05-27 13:30:37', NULL),
(2440, 136, 16, '2024-05-27 13:30:37', '2024-05-27 13:30:37', NULL),
(2441, 136, 17, '2024-05-27 13:30:37', '2024-05-27 13:30:37', NULL),
(2442, 136, 18, '2024-05-27 13:30:37', '2024-05-27 13:30:37', NULL),
(2443, 136, 19, '2024-05-27 13:30:37', '2024-05-27 13:30:37', NULL),
(2444, 136, 20, '2024-05-27 13:30:37', '2024-05-27 13:30:37', NULL),
(2445, 136, 21, '2024-05-27 13:30:37', '2024-05-27 13:30:37', NULL),
(2446, 136, 22, '2024-05-27 13:30:37', '2024-05-27 13:30:37', NULL),
(2447, 136, 23, '2024-05-27 13:30:37', '2024-05-27 13:30:37', NULL),
(2448, 136, 24, '2024-05-27 13:30:37', '2024-05-27 13:30:37', NULL),
(2449, 136, 25, '2024-05-27 13:30:37', '2024-05-27 13:30:37', NULL),
(2450, 136, 26, '2024-05-27 13:30:37', '2024-05-27 13:30:37', NULL),
(2451, 136, 27, '2024-05-27 13:30:37', '2024-05-27 13:30:37', NULL),
(2452, 136, 28, '2024-05-27 13:30:37', '2024-05-27 13:30:37', NULL),
(2453, 136, 29, '2024-05-27 13:30:37', '2024-05-27 13:30:37', NULL),
(2454, 136, 30, '2024-05-27 13:30:37', '2024-05-27 13:30:37', NULL),
(2455, 136, 31, '2024-05-27 13:30:37', '2024-05-27 13:30:37', NULL),
(2456, 136, 32, '2024-05-27 13:30:37', '2024-05-27 13:30:37', NULL),
(2457, 136, 33, '2024-05-27 13:30:37', '2024-05-27 13:30:37', NULL),
(2458, 136, 34, '2024-05-27 13:30:37', '2024-05-27 13:30:37', NULL),
(2459, 136, 35, '2024-05-27 13:30:37', '2024-05-27 13:30:37', NULL),
(2460, 136, 36, '2024-05-27 13:30:37', '2024-05-27 13:30:37', NULL),
(2461, 136, 37, '2024-05-27 13:30:37', '2024-05-27 13:30:37', NULL),
(2462, 136, 38, '2024-05-27 13:30:37', '2024-05-27 13:30:37', NULL),
(2463, 136, 39, '2024-05-27 13:30:37', '2024-05-27 13:30:37', NULL),
(2464, 136, 40, '2024-05-27 13:30:37', '2024-05-27 13:30:37', NULL),
(2465, 137, 9, '2024-05-27 13:30:37', '2024-05-27 13:30:37', NULL),
(2466, 137, 10, '2024-05-27 13:30:37', '2024-05-27 13:30:37', NULL),
(2467, 137, 11, '2024-05-27 13:30:37', '2024-05-27 13:30:37', NULL),
(2468, 137, 12, '2024-05-27 13:30:37', '2024-05-27 13:30:37', NULL),
(2469, 137, 13, '2024-05-27 13:30:37', '2024-05-27 13:30:37', NULL),
(2470, 137, 14, '2024-05-27 13:30:37', '2024-05-27 13:30:37', NULL),
(2471, 137, 15, '2024-05-27 13:30:37', '2024-05-27 13:30:37', NULL),
(2472, 137, 16, '2024-05-27 13:30:37', '2024-05-27 13:30:37', NULL),
(2473, 137, 17, '2024-05-27 13:30:37', '2024-05-27 13:30:37', NULL),
(2474, 137, 18, '2024-05-27 13:30:37', '2024-05-27 13:30:37', NULL),
(2475, 137, 19, '2024-05-27 13:30:37', '2024-05-27 13:30:37', NULL),
(2476, 137, 20, '2024-05-27 13:30:37', '2024-05-27 13:30:37', NULL),
(2477, 137, 21, '2024-05-27 13:30:37', '2024-05-27 13:30:37', NULL),
(2478, 137, 22, '2024-05-27 13:30:37', '2024-05-27 13:30:37', NULL),
(2479, 137, 23, '2024-05-27 13:30:37', '2024-05-27 13:30:37', NULL),
(2480, 137, 24, '2024-05-27 13:30:37', '2024-05-27 13:30:37', NULL),
(2481, 137, 25, '2024-05-27 13:30:37', '2024-05-27 13:30:37', NULL),
(2482, 137, 26, '2024-05-27 13:30:37', '2024-05-27 13:30:37', NULL),
(2483, 137, 27, '2024-05-27 13:30:37', '2024-05-27 13:30:37', NULL),
(2484, 137, 28, '2024-05-27 13:30:37', '2024-05-27 13:30:37', NULL),
(2485, 137, 29, '2024-05-27 13:30:37', '2024-05-27 13:30:37', NULL),
(2486, 137, 30, '2024-05-27 13:30:37', '2024-05-27 13:30:37', NULL),
(2487, 137, 31, '2024-05-27 13:30:37', '2024-05-27 13:30:37', NULL),
(2488, 137, 32, '2024-05-27 13:30:37', '2024-05-27 13:30:37', NULL),
(2489, 137, 33, '2024-05-27 13:30:37', '2024-05-27 13:30:37', NULL),
(2490, 137, 34, '2024-05-27 13:30:37', '2024-05-27 13:30:37', NULL),
(2491, 137, 35, '2024-05-27 13:30:37', '2024-05-27 13:30:37', NULL),
(2492, 137, 36, '2024-05-27 13:30:37', '2024-05-27 13:30:37', NULL),
(2493, 137, 37, '2024-05-27 13:30:37', '2024-05-27 13:30:37', NULL),
(2494, 137, 38, '2024-05-27 13:30:37', '2024-05-27 13:30:37', NULL),
(2495, 137, 39, '2024-05-27 13:30:37', '2024-05-27 13:30:37', NULL),
(2496, 137, 40, '2024-05-27 13:30:37', '2024-05-27 13:30:37', NULL),
(2497, 138, 9, '2024-05-27 13:30:37', '2024-05-27 13:30:37', NULL),
(2498, 138, 10, '2024-05-27 13:30:37', '2024-05-27 13:30:37', NULL),
(2499, 138, 11, '2024-05-27 13:30:37', '2024-05-27 13:30:37', NULL),
(2500, 138, 12, '2024-05-27 13:30:37', '2024-05-27 13:30:37', NULL),
(2501, 138, 13, '2024-05-27 13:30:37', '2024-05-27 13:30:37', NULL),
(2502, 138, 14, '2024-05-27 13:30:37', '2024-05-27 13:30:37', NULL),
(2503, 138, 15, '2024-05-27 13:30:37', '2024-05-27 13:30:37', NULL),
(2504, 138, 16, '2024-05-27 13:30:37', '2024-05-27 13:30:37', NULL),
(2505, 138, 17, '2024-05-27 13:30:37', '2024-05-27 13:30:37', NULL),
(2506, 138, 18, '2024-05-27 13:30:37', '2024-05-27 13:30:37', NULL),
(2507, 138, 19, '2024-05-27 13:30:37', '2024-05-27 13:30:37', NULL),
(2508, 138, 20, '2024-05-27 13:30:37', '2024-05-27 13:30:37', NULL),
(2509, 138, 21, '2024-05-27 13:30:37', '2024-05-27 13:30:37', NULL),
(2510, 138, 22, '2024-05-27 13:30:37', '2024-05-27 13:30:37', NULL),
(2511, 138, 23, '2024-05-27 13:30:37', '2024-05-27 13:30:37', NULL),
(2512, 138, 24, '2024-05-27 13:30:37', '2024-05-27 13:30:37', NULL),
(2513, 138, 25, '2024-05-27 13:30:37', '2024-05-27 13:30:37', NULL),
(2514, 138, 26, '2024-05-27 13:30:37', '2024-05-27 13:30:37', NULL),
(2515, 138, 27, '2024-05-27 13:30:37', '2024-05-27 13:30:37', NULL),
(2516, 138, 28, '2024-05-27 13:30:37', '2024-05-27 13:30:37', NULL),
(2517, 138, 29, '2024-05-27 13:30:37', '2024-05-27 13:30:37', NULL),
(2518, 138, 30, '2024-05-27 13:30:37', '2024-05-27 13:30:37', NULL),
(2519, 138, 31, '2024-05-27 13:30:37', '2024-05-27 13:30:37', NULL),
(2520, 138, 32, '2024-05-27 13:30:37', '2024-05-27 13:30:37', NULL),
(2521, 138, 33, '2024-05-27 13:30:37', '2024-05-27 13:30:37', NULL),
(2522, 138, 34, '2024-05-27 13:30:37', '2024-05-27 13:30:37', NULL),
(2523, 138, 35, '2024-05-27 13:30:37', '2024-05-27 13:30:37', NULL),
(2524, 138, 36, '2024-05-27 13:30:37', '2024-05-27 13:30:37', NULL),
(2525, 138, 37, '2024-05-27 13:30:37', '2024-05-27 13:30:37', NULL),
(2526, 138, 38, '2024-05-27 13:30:37', '2024-05-27 13:30:37', NULL),
(2527, 138, 39, '2024-05-27 13:30:37', '2024-05-27 13:30:37', NULL),
(2528, 138, 40, '2024-05-27 13:30:37', '2024-05-27 13:30:37', NULL),
(2529, 139, 1, '2024-05-27 13:32:12', '2024-05-27 13:32:12', NULL),
(2530, 139, 2, '2024-05-27 13:32:12', '2024-05-27 13:32:12', NULL),
(2531, 139, 3, '2024-05-27 13:32:12', '2024-05-27 13:32:12', NULL),
(2532, 139, 4, '2024-05-27 13:32:12', '2024-05-27 13:32:12', NULL),
(2533, 139, 9, '2024-05-27 13:32:12', '2024-05-27 13:32:12', NULL),
(2534, 139, 10, '2024-05-27 13:32:12', '2024-05-27 13:32:12', NULL),
(2535, 139, 11, '2024-05-27 13:32:12', '2024-05-27 13:32:12', NULL),
(2536, 139, 12, '2024-05-27 13:32:12', '2024-05-27 13:32:12', NULL),
(2537, 139, 13, '2024-05-27 13:32:12', '2024-05-27 13:32:12', NULL),
(2538, 139, 14, '2024-05-27 13:32:12', '2024-05-27 13:32:12', NULL),
(2539, 139, 15, '2024-05-27 13:32:12', '2024-05-27 13:32:12', NULL),
(2540, 139, 16, '2024-05-27 13:32:12', '2024-05-27 13:32:12', NULL),
(2541, 139, 5, '2024-05-27 13:32:12', '2024-05-27 13:32:12', NULL),
(2542, 139, 6, '2024-05-27 13:32:12', '2024-05-27 13:32:12', NULL),
(2543, 139, 7, '2024-05-27 13:32:12', '2024-05-27 13:32:12', NULL),
(2544, 139, 8, '2024-05-27 13:32:12', '2024-05-27 13:32:12', NULL),
(2545, 139, 17, '2024-05-27 13:32:12', '2024-05-27 13:32:12', NULL),
(2546, 139, 18, '2024-05-27 13:32:12', '2024-05-27 13:32:12', NULL),
(2547, 139, 19, '2024-05-27 13:32:12', '2024-05-27 13:32:12', NULL),
(2548, 139, 20, '2024-05-27 13:32:12', '2024-05-27 13:32:12', NULL),
(2549, 139, 21, '2024-05-27 13:32:12', '2024-05-27 13:32:12', NULL),
(2550, 139, 22, '2024-05-27 13:32:12', '2024-05-27 13:32:12', NULL),
(2551, 139, 23, '2024-05-27 13:32:12', '2024-05-27 13:32:12', NULL),
(2552, 139, 24, '2024-05-27 13:32:12', '2024-05-27 13:32:12', NULL),
(2553, 139, 25, '2024-05-27 13:32:12', '2024-05-27 13:32:12', NULL),
(2554, 139, 26, '2024-05-27 13:32:12', '2024-05-27 13:32:12', NULL),
(2555, 139, 27, '2024-05-27 13:32:12', '2024-05-27 13:32:12', NULL),
(2556, 139, 28, '2024-05-27 13:32:12', '2024-05-27 13:32:12', NULL),
(2557, 139, 29, '2024-05-27 13:32:12', '2024-05-27 13:32:12', NULL),
(2558, 139, 30, '2024-05-27 13:32:12', '2024-05-27 13:32:12', NULL),
(2559, 139, 31, '2024-05-27 13:32:12', '2024-05-27 13:32:12', NULL),
(2560, 139, 32, '2024-05-27 13:32:12', '2024-05-27 13:32:12', NULL),
(2561, 139, 33, '2024-05-27 13:32:12', '2024-05-27 13:32:12', NULL),
(2562, 139, 34, '2024-05-27 13:32:12', '2024-05-27 13:32:12', NULL),
(2563, 139, 35, '2024-05-27 13:32:12', '2024-05-27 13:32:12', NULL),
(2564, 139, 36, '2024-05-27 13:32:12', '2024-05-27 13:32:12', NULL),
(2565, 139, 37, '2024-05-27 13:32:12', '2024-05-27 13:32:12', NULL),
(2566, 139, 38, '2024-05-27 13:32:12', '2024-05-27 13:32:12', NULL),
(2567, 139, 39, '2024-05-27 13:32:12', '2024-05-27 13:32:12', NULL),
(2568, 139, 40, '2024-05-27 13:32:12', '2024-05-27 13:32:12', NULL),
(2569, 140, 9, '2024-05-27 13:32:12', '2024-05-27 13:32:12', NULL),
(2570, 140, 10, '2024-05-27 13:32:12', '2024-05-27 13:32:12', NULL),
(2571, 140, 11, '2024-05-27 13:32:12', '2024-05-27 13:32:12', NULL),
(2572, 140, 12, '2024-05-27 13:32:12', '2024-05-27 13:32:12', NULL),
(2573, 140, 13, '2024-05-27 13:32:12', '2024-05-27 13:32:12', NULL),
(2574, 140, 14, '2024-05-27 13:32:12', '2024-05-27 13:32:12', NULL),
(2575, 140, 15, '2024-05-27 13:32:12', '2024-05-27 13:32:12', NULL),
(2576, 140, 16, '2024-05-27 13:32:12', '2024-05-27 13:32:12', NULL),
(2577, 140, 17, '2024-05-27 13:32:12', '2024-05-27 13:32:12', NULL),
(2578, 140, 18, '2024-05-27 13:32:12', '2024-05-27 13:32:12', NULL),
(2579, 140, 19, '2024-05-27 13:32:12', '2024-05-27 13:32:12', NULL),
(2580, 140, 20, '2024-05-27 13:32:12', '2024-05-27 13:32:12', NULL),
(2581, 140, 21, '2024-05-27 13:32:12', '2024-05-27 13:32:12', NULL),
(2582, 140, 22, '2024-05-27 13:32:12', '2024-05-27 13:32:12', NULL),
(2583, 140, 23, '2024-05-27 13:32:12', '2024-05-27 13:32:12', NULL),
(2584, 140, 24, '2024-05-27 13:32:12', '2024-05-27 13:32:12', NULL),
(2585, 140, 25, '2024-05-27 13:32:12', '2024-05-27 13:32:12', NULL),
(2586, 140, 26, '2024-05-27 13:32:12', '2024-05-27 13:32:12', NULL),
(2587, 140, 27, '2024-05-27 13:32:12', '2024-05-27 13:32:12', NULL),
(2588, 140, 28, '2024-05-27 13:32:12', '2024-05-27 13:32:12', NULL),
(2589, 140, 29, '2024-05-27 13:32:12', '2024-05-27 13:32:12', NULL),
(2590, 140, 30, '2024-05-27 13:32:12', '2024-05-27 13:32:12', NULL),
(2591, 140, 31, '2024-05-27 13:32:12', '2024-05-27 13:32:12', NULL),
(2592, 140, 32, '2024-05-27 13:32:12', '2024-05-27 13:32:12', NULL),
(2593, 140, 33, '2024-05-27 13:32:12', '2024-05-27 13:32:12', NULL),
(2594, 140, 34, '2024-05-27 13:32:12', '2024-05-27 13:32:12', NULL),
(2595, 140, 35, '2024-05-27 13:32:12', '2024-05-27 13:32:12', NULL),
(2596, 140, 36, '2024-05-27 13:32:12', '2024-05-27 13:32:12', NULL),
(2597, 140, 37, '2024-05-27 13:32:12', '2024-05-27 13:32:12', NULL),
(2598, 140, 38, '2024-05-27 13:32:12', '2024-05-27 13:32:12', NULL),
(2599, 140, 39, '2024-05-27 13:32:12', '2024-05-27 13:32:12', NULL),
(2600, 140, 40, '2024-05-27 13:32:12', '2024-05-27 13:32:12', NULL),
(2601, 141, 9, '2024-05-27 13:32:12', '2024-05-27 13:32:12', NULL),
(2602, 141, 10, '2024-05-27 13:32:12', '2024-05-27 13:32:12', NULL),
(2603, 141, 11, '2024-05-27 13:32:12', '2024-05-27 13:32:12', NULL),
(2604, 141, 12, '2024-05-27 13:32:12', '2024-05-27 13:32:12', NULL),
(2605, 141, 13, '2024-05-27 13:32:12', '2024-05-27 13:32:12', NULL),
(2606, 141, 14, '2024-05-27 13:32:12', '2024-05-27 13:32:12', NULL),
(2607, 141, 15, '2024-05-27 13:32:12', '2024-05-27 13:32:12', NULL),
(2608, 141, 16, '2024-05-27 13:32:12', '2024-05-27 13:32:12', NULL),
(2609, 141, 17, '2024-05-27 13:32:12', '2024-05-27 13:32:12', NULL),
(2610, 141, 18, '2024-05-27 13:32:12', '2024-05-27 13:32:12', NULL),
(2611, 141, 19, '2024-05-27 13:32:12', '2024-05-27 13:32:12', NULL),
(2612, 141, 20, '2024-05-27 13:32:12', '2024-05-27 13:32:12', NULL),
(2613, 141, 21, '2024-05-27 13:32:12', '2024-05-27 13:32:12', NULL),
(2614, 141, 22, '2024-05-27 13:32:12', '2024-05-27 13:32:12', NULL),
(2615, 141, 23, '2024-05-27 13:32:12', '2024-05-27 13:32:12', NULL),
(2616, 141, 24, '2024-05-27 13:32:12', '2024-05-27 13:32:12', NULL),
(2617, 141, 25, '2024-05-27 13:32:12', '2024-05-27 13:32:12', NULL),
(2618, 141, 26, '2024-05-27 13:32:12', '2024-05-27 13:32:12', NULL),
(2619, 141, 27, '2024-05-27 13:32:12', '2024-05-27 13:32:12', NULL),
(2620, 141, 28, '2024-05-27 13:32:12', '2024-05-27 13:32:12', NULL),
(2621, 141, 29, '2024-05-27 13:32:12', '2024-05-27 13:32:12', NULL),
(2622, 141, 30, '2024-05-27 13:32:12', '2024-05-27 13:32:12', NULL),
(2623, 141, 31, '2024-05-27 13:32:12', '2024-05-27 13:32:12', NULL),
(2624, 141, 32, '2024-05-27 13:32:12', '2024-05-27 13:32:12', NULL),
(2625, 141, 33, '2024-05-27 13:32:12', '2024-05-27 13:32:12', NULL),
(2626, 141, 34, '2024-05-27 13:32:12', '2024-05-27 13:32:12', NULL),
(2627, 141, 35, '2024-05-27 13:32:12', '2024-05-27 13:32:12', NULL),
(2628, 141, 36, '2024-05-27 13:32:12', '2024-05-27 13:32:12', NULL),
(2629, 141, 37, '2024-05-27 13:32:12', '2024-05-27 13:32:12', NULL),
(2630, 141, 38, '2024-05-27 13:32:12', '2024-05-27 13:32:12', NULL),
(2631, 141, 39, '2024-05-27 13:32:12', '2024-05-27 13:32:12', NULL),
(2632, 141, 40, '2024-05-27 13:32:12', '2024-05-27 13:32:12', NULL),
(2633, 142, 9, '2024-05-27 13:32:12', '2024-05-27 13:32:12', NULL),
(2634, 142, 10, '2024-05-27 13:32:12', '2024-05-27 13:32:12', NULL),
(2635, 142, 11, '2024-05-27 13:32:12', '2024-05-27 13:32:12', NULL),
(2636, 142, 12, '2024-05-27 13:32:12', '2024-05-27 13:32:12', NULL),
(2637, 142, 13, '2024-05-27 13:32:12', '2024-05-27 13:32:12', NULL),
(2638, 142, 14, '2024-05-27 13:32:12', '2024-05-27 13:32:12', NULL),
(2639, 142, 15, '2024-05-27 13:32:12', '2024-05-27 13:32:12', NULL),
(2640, 142, 16, '2024-05-27 13:32:12', '2024-05-27 13:32:12', NULL),
(2641, 142, 17, '2024-05-27 13:32:12', '2024-05-27 13:32:12', NULL),
(2642, 142, 18, '2024-05-27 13:32:12', '2024-05-27 13:32:12', NULL),
(2643, 142, 19, '2024-05-27 13:32:12', '2024-05-27 13:32:12', NULL),
(2644, 142, 20, '2024-05-27 13:32:12', '2024-05-27 13:32:12', NULL),
(2645, 142, 21, '2024-05-27 13:32:12', '2024-05-27 13:32:12', NULL),
(2646, 142, 22, '2024-05-27 13:32:12', '2024-05-27 13:32:12', NULL),
(2647, 142, 23, '2024-05-27 13:32:12', '2024-05-27 13:32:12', NULL),
(2648, 142, 24, '2024-05-27 13:32:12', '2024-05-27 13:32:12', NULL),
(2649, 142, 25, '2024-05-27 13:32:12', '2024-05-27 13:32:12', NULL),
(2650, 142, 26, '2024-05-27 13:32:12', '2024-05-27 13:32:12', NULL),
(2651, 142, 27, '2024-05-27 13:32:12', '2024-05-27 13:32:12', NULL),
(2652, 142, 28, '2024-05-27 13:32:12', '2024-05-27 13:32:12', NULL),
(2653, 142, 29, '2024-05-27 13:32:12', '2024-05-27 13:32:12', NULL),
(2654, 142, 30, '2024-05-27 13:32:12', '2024-05-27 13:32:12', NULL),
(2655, 142, 31, '2024-05-27 13:32:12', '2024-05-27 13:32:12', NULL),
(2656, 142, 32, '2024-05-27 13:32:12', '2024-05-27 13:32:12', NULL),
(2657, 142, 33, '2024-05-27 13:32:12', '2024-05-27 13:32:12', NULL),
(2658, 142, 34, '2024-05-27 13:32:12', '2024-05-27 13:32:12', NULL),
(2659, 142, 35, '2024-05-27 13:32:12', '2024-05-27 13:32:12', NULL),
(2660, 142, 36, '2024-05-27 13:32:12', '2024-05-27 13:32:12', NULL),
(2661, 142, 37, '2024-05-27 13:32:12', '2024-05-27 13:32:12', NULL),
(2662, 142, 38, '2024-05-27 13:32:12', '2024-05-27 13:32:12', NULL),
(2663, 142, 39, '2024-05-27 13:32:12', '2024-05-27 13:32:12', NULL),
(2664, 142, 40, '2024-05-27 13:32:12', '2024-05-27 13:32:12', NULL),
(2665, 143, 9, '2024-05-27 13:32:12', '2024-05-27 13:32:12', NULL),
(2666, 143, 10, '2024-05-27 13:32:12', '2024-05-27 13:32:12', NULL),
(2667, 143, 11, '2024-05-27 13:32:12', '2024-05-27 13:32:12', NULL),
(2668, 143, 12, '2024-05-27 13:32:12', '2024-05-27 13:32:12', NULL),
(2669, 143, 13, '2024-05-27 13:32:12', '2024-05-27 13:32:12', NULL),
(2670, 143, 14, '2024-05-27 13:32:12', '2024-05-27 13:32:12', NULL),
(2671, 143, 15, '2024-05-27 13:32:12', '2024-05-27 13:32:12', NULL),
(2672, 143, 16, '2024-05-27 13:32:12', '2024-05-27 13:32:12', NULL),
(2673, 143, 17, '2024-05-27 13:32:12', '2024-05-27 13:32:12', NULL),
(2674, 143, 18, '2024-05-27 13:32:12', '2024-05-27 13:32:12', NULL),
(2675, 143, 19, '2024-05-27 13:32:12', '2024-05-27 13:32:12', NULL),
(2676, 143, 20, '2024-05-27 13:32:12', '2024-05-27 13:32:12', NULL),
(2677, 143, 21, '2024-05-27 13:32:12', '2024-05-27 13:32:12', NULL),
(2678, 143, 22, '2024-05-27 13:32:12', '2024-05-27 13:32:12', NULL),
(2679, 143, 23, '2024-05-27 13:32:12', '2024-05-27 13:32:12', NULL),
(2680, 143, 24, '2024-05-27 13:32:12', '2024-05-27 13:32:12', NULL),
(2681, 143, 25, '2024-05-27 13:32:12', '2024-05-27 13:32:12', NULL),
(2682, 143, 26, '2024-05-27 13:32:12', '2024-05-27 13:32:12', NULL),
(2683, 143, 27, '2024-05-27 13:32:12', '2024-05-27 13:32:12', NULL),
(2684, 143, 28, '2024-05-27 13:32:12', '2024-05-27 13:32:12', NULL),
(2685, 143, 29, '2024-05-27 13:32:12', '2024-05-27 13:32:12', NULL),
(2686, 143, 30, '2024-05-27 13:32:12', '2024-05-27 13:32:12', NULL),
(2687, 143, 31, '2024-05-27 13:32:12', '2024-05-27 13:32:12', NULL),
(2688, 143, 32, '2024-05-27 13:32:12', '2024-05-27 13:32:12', NULL),
(2689, 143, 33, '2024-05-27 13:32:12', '2024-05-27 13:32:12', NULL),
(2690, 143, 34, '2024-05-27 13:32:12', '2024-05-27 13:32:12', NULL),
(2691, 143, 35, '2024-05-27 13:32:12', '2024-05-27 13:32:12', NULL),
(2692, 143, 36, '2024-05-27 13:32:12', '2024-05-27 13:32:12', NULL),
(2693, 143, 37, '2024-05-27 13:32:12', '2024-05-27 13:32:12', NULL),
(2694, 143, 38, '2024-05-27 13:32:12', '2024-05-27 13:32:12', NULL),
(2695, 143, 39, '2024-05-27 13:32:12', '2024-05-27 13:32:12', NULL),
(2696, 143, 40, '2024-05-27 13:32:12', '2024-05-27 13:32:12', NULL),
(2697, 144, 1, '2024-05-27 13:34:12', '2024-05-27 13:34:12', NULL),
(2698, 144, 2, '2024-05-27 13:34:12', '2024-05-27 13:34:12', NULL),
(2699, 144, 3, '2024-05-27 13:34:12', '2024-05-27 13:34:12', NULL),
(2700, 144, 4, '2024-05-27 13:34:12', '2024-05-27 13:34:12', NULL),
(2701, 144, 9, '2024-05-27 13:34:12', '2024-05-27 13:34:12', NULL),
(2702, 144, 10, '2024-05-27 13:34:12', '2024-05-27 13:34:12', NULL),
(2703, 144, 11, '2024-05-27 13:34:12', '2024-05-27 13:34:12', NULL),
(2704, 144, 12, '2024-05-27 13:34:12', '2024-05-27 13:34:12', NULL),
(2705, 144, 13, '2024-05-27 13:34:12', '2024-05-27 13:34:12', NULL),
(2706, 144, 14, '2024-05-27 13:34:12', '2024-05-27 13:34:12', NULL),
(2707, 144, 15, '2024-05-27 13:34:12', '2024-05-27 13:34:12', NULL),
(2708, 144, 16, '2024-05-27 13:34:12', '2024-05-27 13:34:12', NULL),
(2709, 144, 5, '2024-05-27 13:34:12', '2024-05-27 13:34:12', NULL),
(2710, 144, 6, '2024-05-27 13:34:12', '2024-05-27 13:34:12', NULL),
(2711, 144, 7, '2024-05-27 13:34:12', '2024-05-27 13:34:12', NULL),
(2712, 144, 8, '2024-05-27 13:34:12', '2024-05-27 13:34:12', NULL),
(2713, 144, 17, '2024-05-27 13:34:12', '2024-05-27 13:34:12', NULL),
(2714, 144, 18, '2024-05-27 13:34:12', '2024-05-27 13:34:12', NULL),
(2715, 144, 19, '2024-05-27 13:34:12', '2024-05-27 13:34:12', NULL),
(2716, 144, 20, '2024-05-27 13:34:12', '2024-05-27 13:34:12', NULL),
(2717, 144, 21, '2024-05-27 13:34:12', '2024-05-27 13:34:12', NULL),
(2718, 144, 22, '2024-05-27 13:34:12', '2024-05-27 13:34:12', NULL),
(2719, 144, 23, '2024-05-27 13:34:12', '2024-05-27 13:34:12', NULL),
(2720, 144, 24, '2024-05-27 13:34:12', '2024-05-27 13:34:12', NULL),
(2721, 144, 25, '2024-05-27 13:34:12', '2024-05-27 13:34:12', NULL),
(2722, 144, 26, '2024-05-27 13:34:12', '2024-05-27 13:34:12', NULL),
(2723, 144, 27, '2024-05-27 13:34:12', '2024-05-27 13:34:12', NULL),
(2724, 144, 28, '2024-05-27 13:34:12', '2024-05-27 13:34:12', NULL),
(2725, 144, 29, '2024-05-27 13:34:12', '2024-05-27 13:34:12', NULL),
(2726, 144, 30, '2024-05-27 13:34:12', '2024-05-27 13:34:12', NULL),
(2727, 144, 31, '2024-05-27 13:34:12', '2024-05-27 13:34:12', NULL),
(2728, 144, 32, '2024-05-27 13:34:12', '2024-05-27 13:34:12', NULL),
(2729, 144, 33, '2024-05-27 13:34:12', '2024-05-27 13:34:12', NULL),
(2730, 144, 34, '2024-05-27 13:34:12', '2024-05-27 13:34:12', NULL),
(2731, 144, 35, '2024-05-27 13:34:12', '2024-05-27 13:34:12', NULL),
(2732, 144, 36, '2024-05-27 13:34:12', '2024-05-27 13:34:12', NULL),
(2733, 144, 37, '2024-05-27 13:34:12', '2024-05-27 13:34:12', NULL),
(2734, 144, 38, '2024-05-27 13:34:12', '2024-05-27 13:34:12', NULL),
(2735, 144, 39, '2024-05-27 13:34:12', '2024-05-27 13:34:12', NULL),
(2736, 144, 40, '2024-05-27 13:34:12', '2024-05-27 13:34:12', NULL),
(2737, 145, 9, '2024-05-27 13:34:12', '2024-05-27 13:34:12', NULL),
(2738, 145, 10, '2024-05-27 13:34:12', '2024-05-27 13:34:12', NULL),
(2739, 145, 11, '2024-05-27 13:34:12', '2024-05-27 13:34:12', NULL),
(2740, 145, 12, '2024-05-27 13:34:12', '2024-05-27 13:34:12', NULL),
(2741, 145, 13, '2024-05-27 13:34:12', '2024-05-27 13:34:12', NULL),
(2742, 145, 14, '2024-05-27 13:34:12', '2024-05-27 13:34:12', NULL),
(2743, 145, 15, '2024-05-27 13:34:12', '2024-05-27 13:34:12', NULL),
(2744, 145, 16, '2024-05-27 13:34:12', '2024-05-27 13:34:12', NULL),
(2745, 145, 17, '2024-05-27 13:34:12', '2024-05-27 13:34:12', NULL),
(2746, 145, 18, '2024-05-27 13:34:12', '2024-05-27 13:34:12', NULL),
(2747, 145, 19, '2024-05-27 13:34:12', '2024-05-27 13:34:12', NULL),
(2748, 145, 20, '2024-05-27 13:34:12', '2024-05-27 13:34:12', NULL),
(2749, 145, 21, '2024-05-27 13:34:12', '2024-05-27 13:34:12', NULL),
(2750, 145, 22, '2024-05-27 13:34:12', '2024-05-27 13:34:12', NULL),
(2751, 145, 23, '2024-05-27 13:34:12', '2024-05-27 13:34:12', NULL),
(2752, 145, 24, '2024-05-27 13:34:12', '2024-05-27 13:34:12', NULL),
(2753, 145, 25, '2024-05-27 13:34:12', '2024-05-27 13:34:12', NULL),
(2754, 145, 26, '2024-05-27 13:34:12', '2024-05-27 13:34:12', NULL),
(2755, 145, 27, '2024-05-27 13:34:12', '2024-05-27 13:34:12', NULL),
(2756, 145, 28, '2024-05-27 13:34:12', '2024-05-27 13:34:12', NULL),
(2757, 145, 29, '2024-05-27 13:34:12', '2024-05-27 13:34:12', NULL),
(2758, 145, 30, '2024-05-27 13:34:12', '2024-05-27 13:34:12', NULL),
(2759, 145, 31, '2024-05-27 13:34:12', '2024-05-27 13:34:12', NULL),
(2760, 145, 32, '2024-05-27 13:34:12', '2024-05-27 13:34:12', NULL),
(2761, 145, 33, '2024-05-27 13:34:12', '2024-05-27 13:34:12', NULL),
(2762, 145, 34, '2024-05-27 13:34:12', '2024-05-27 13:34:12', NULL),
(2763, 145, 35, '2024-05-27 13:34:12', '2024-05-27 13:34:12', NULL),
(2764, 145, 36, '2024-05-27 13:34:12', '2024-05-27 13:34:12', NULL),
(2765, 145, 37, '2024-05-27 13:34:12', '2024-05-27 13:34:12', NULL),
(2766, 145, 38, '2024-05-27 13:34:12', '2024-05-27 13:34:12', NULL),
(2767, 145, 39, '2024-05-27 13:34:12', '2024-05-27 13:34:12', NULL),
(2768, 145, 40, '2024-05-27 13:34:12', '2024-05-27 13:34:12', NULL),
(2769, 146, 9, '2024-05-27 13:34:12', '2024-05-27 13:34:12', NULL),
(2770, 146, 10, '2024-05-27 13:34:12', '2024-05-27 13:34:12', NULL),
(2771, 146, 11, '2024-05-27 13:34:12', '2024-05-27 13:34:12', NULL),
(2772, 146, 12, '2024-05-27 13:34:12', '2024-05-27 13:34:12', NULL),
(2773, 146, 13, '2024-05-27 13:34:12', '2024-05-27 13:34:12', NULL),
(2774, 146, 14, '2024-05-27 13:34:12', '2024-05-27 13:34:12', NULL),
(2775, 146, 15, '2024-05-27 13:34:12', '2024-05-27 13:34:12', NULL),
(2776, 146, 16, '2024-05-27 13:34:12', '2024-05-27 13:34:12', NULL),
(2777, 146, 17, '2024-05-27 13:34:12', '2024-05-27 13:34:12', NULL),
(2778, 146, 18, '2024-05-27 13:34:12', '2024-05-27 13:34:12', NULL),
(2779, 146, 19, '2024-05-27 13:34:12', '2024-05-27 13:34:12', NULL),
(2780, 146, 20, '2024-05-27 13:34:12', '2024-05-27 13:34:12', NULL),
(2781, 146, 21, '2024-05-27 13:34:12', '2024-05-27 13:34:12', NULL),
(2782, 146, 22, '2024-05-27 13:34:12', '2024-05-27 13:34:12', NULL),
(2783, 146, 23, '2024-05-27 13:34:12', '2024-05-27 13:34:12', NULL),
(2784, 146, 24, '2024-05-27 13:34:12', '2024-05-27 13:34:12', NULL),
(2785, 146, 25, '2024-05-27 13:34:12', '2024-05-27 13:34:12', NULL),
(2786, 146, 26, '2024-05-27 13:34:12', '2024-05-27 13:34:12', NULL),
(2787, 146, 27, '2024-05-27 13:34:12', '2024-05-27 13:34:12', NULL),
(2788, 146, 28, '2024-05-27 13:34:12', '2024-05-27 13:34:12', NULL),
(2789, 146, 29, '2024-05-27 13:34:12', '2024-05-27 13:34:12', NULL),
(2790, 146, 30, '2024-05-27 13:34:12', '2024-05-27 13:34:12', NULL),
(2791, 146, 31, '2024-05-27 13:34:12', '2024-05-27 13:34:12', NULL),
(2792, 146, 32, '2024-05-27 13:34:12', '2024-05-27 13:34:12', NULL),
(2793, 146, 33, '2024-05-27 13:34:12', '2024-05-27 13:34:12', NULL),
(2794, 146, 34, '2024-05-27 13:34:12', '2024-05-27 13:34:12', NULL),
(2795, 146, 35, '2024-05-27 13:34:12', '2024-05-27 13:34:12', NULL),
(2796, 146, 36, '2024-05-27 13:34:12', '2024-05-27 13:34:12', NULL),
(2797, 146, 37, '2024-05-27 13:34:12', '2024-05-27 13:34:12', NULL),
(2798, 146, 38, '2024-05-27 13:34:12', '2024-05-27 13:34:12', NULL),
(2799, 146, 39, '2024-05-27 13:34:12', '2024-05-27 13:34:12', NULL),
(2800, 146, 40, '2024-05-27 13:34:12', '2024-05-27 13:34:12', NULL),
(2801, 147, 9, '2024-05-27 13:34:12', '2024-05-27 13:34:12', NULL),
(2802, 147, 10, '2024-05-27 13:34:12', '2024-05-27 13:34:12', NULL),
(2803, 147, 11, '2024-05-27 13:34:12', '2024-05-27 13:34:12', NULL),
(2804, 147, 12, '2024-05-27 13:34:12', '2024-05-27 13:34:12', NULL),
(2805, 147, 13, '2024-05-27 13:34:12', '2024-05-27 13:34:12', NULL),
(2806, 147, 14, '2024-05-27 13:34:12', '2024-05-27 13:34:12', NULL),
(2807, 147, 15, '2024-05-27 13:34:12', '2024-05-27 13:34:12', NULL),
(2808, 147, 16, '2024-05-27 13:34:12', '2024-05-27 13:34:12', NULL),
(2809, 147, 17, '2024-05-27 13:34:12', '2024-05-27 13:34:12', NULL),
(2810, 147, 18, '2024-05-27 13:34:12', '2024-05-27 13:34:12', NULL),
(2811, 147, 19, '2024-05-27 13:34:12', '2024-05-27 13:34:12', NULL),
(2812, 147, 20, '2024-05-27 13:34:12', '2024-05-27 13:34:12', NULL),
(2813, 147, 21, '2024-05-27 13:34:12', '2024-05-27 13:34:12', NULL),
(2814, 147, 22, '2024-05-27 13:34:12', '2024-05-27 13:34:12', NULL),
(2815, 147, 23, '2024-05-27 13:34:12', '2024-05-27 13:34:12', NULL),
(2816, 147, 24, '2024-05-27 13:34:12', '2024-05-27 13:34:12', NULL),
(2817, 147, 25, '2024-05-27 13:34:12', '2024-05-27 13:34:12', NULL),
(2818, 147, 26, '2024-05-27 13:34:12', '2024-05-27 13:34:12', NULL),
(2819, 147, 27, '2024-05-27 13:34:12', '2024-05-27 13:34:12', NULL),
(2820, 147, 28, '2024-05-27 13:34:12', '2024-05-27 13:34:12', NULL),
(2821, 147, 29, '2024-05-27 13:34:12', '2024-05-27 13:34:12', NULL),
(2822, 147, 30, '2024-05-27 13:34:12', '2024-05-27 13:34:12', NULL),
(2823, 147, 31, '2024-05-27 13:34:12', '2024-05-27 13:34:12', NULL),
(2824, 147, 32, '2024-05-27 13:34:12', '2024-05-27 13:34:12', NULL),
(2825, 147, 33, '2024-05-27 13:34:12', '2024-05-27 13:34:12', NULL),
(2826, 147, 34, '2024-05-27 13:34:12', '2024-05-27 13:34:12', NULL),
(2827, 147, 35, '2024-05-27 13:34:12', '2024-05-27 13:34:12', NULL),
(2828, 147, 36, '2024-05-27 13:34:12', '2024-05-27 13:34:12', NULL),
(2829, 147, 37, '2024-05-27 13:34:12', '2024-05-27 13:34:12', NULL),
(2830, 147, 38, '2024-05-27 13:34:12', '2024-05-27 13:34:12', NULL),
(2831, 147, 39, '2024-05-27 13:34:12', '2024-05-27 13:34:12', NULL),
(2832, 147, 40, '2024-05-27 13:34:12', '2024-05-27 13:34:12', NULL),
(2833, 148, 9, '2024-05-27 13:34:12', '2024-05-27 13:34:12', NULL),
(2834, 148, 10, '2024-05-27 13:34:12', '2024-05-27 13:34:12', NULL),
(2835, 148, 11, '2024-05-27 13:34:12', '2024-05-27 13:34:12', NULL),
(2836, 148, 12, '2024-05-27 13:34:12', '2024-05-27 13:34:12', NULL),
(2837, 148, 13, '2024-05-27 13:34:12', '2024-05-27 13:34:12', NULL),
(2838, 148, 14, '2024-05-27 13:34:12', '2024-05-27 13:34:12', NULL),
(2839, 148, 15, '2024-05-27 13:34:12', '2024-05-27 13:34:12', NULL),
(2840, 148, 16, '2024-05-27 13:34:12', '2024-05-27 13:34:12', NULL),
(2841, 148, 17, '2024-05-27 13:34:12', '2024-05-27 13:34:12', NULL),
(2842, 148, 18, '2024-05-27 13:34:12', '2024-05-27 13:34:12', NULL),
(2843, 148, 19, '2024-05-27 13:34:12', '2024-05-27 13:34:12', NULL),
(2844, 148, 20, '2024-05-27 13:34:12', '2024-05-27 13:34:12', NULL),
(2845, 148, 21, '2024-05-27 13:34:12', '2024-05-27 13:34:12', NULL),
(2846, 148, 22, '2024-05-27 13:34:12', '2024-05-27 13:34:12', NULL),
(2847, 148, 23, '2024-05-27 13:34:12', '2024-05-27 13:34:12', NULL),
(2848, 148, 24, '2024-05-27 13:34:12', '2024-05-27 13:34:12', NULL),
(2849, 148, 25, '2024-05-27 13:34:12', '2024-05-27 13:34:12', NULL),
(2850, 148, 26, '2024-05-27 13:34:12', '2024-05-27 13:34:12', NULL),
(2851, 148, 27, '2024-05-27 13:34:12', '2024-05-27 13:34:12', NULL),
(2852, 148, 28, '2024-05-27 13:34:12', '2024-05-27 13:34:12', NULL),
(2853, 148, 29, '2024-05-27 13:34:12', '2024-05-27 13:34:12', NULL),
(2854, 148, 30, '2024-05-27 13:34:12', '2024-05-27 13:34:12', NULL),
(2855, 148, 31, '2024-05-27 13:34:12', '2024-05-27 13:34:12', NULL),
(2856, 148, 32, '2024-05-27 13:34:12', '2024-05-27 13:34:12', NULL),
(2857, 148, 33, '2024-05-27 13:34:12', '2024-05-27 13:34:12', NULL),
(2858, 148, 34, '2024-05-27 13:34:12', '2024-05-27 13:34:12', NULL),
(2859, 148, 35, '2024-05-27 13:34:12', '2024-05-27 13:34:12', NULL),
(2860, 148, 36, '2024-05-27 13:34:12', '2024-05-27 13:34:12', NULL),
(2861, 148, 37, '2024-05-27 13:34:12', '2024-05-27 13:34:12', NULL),
(2862, 148, 38, '2024-05-27 13:34:12', '2024-05-27 13:34:12', NULL),
(2863, 148, 39, '2024-05-27 13:34:12', '2024-05-27 13:34:12', NULL),
(2864, 148, 40, '2024-05-27 13:34:12', '2024-05-27 13:34:12', NULL),
(2865, 149, 1, '2024-05-27 13:36:02', '2024-05-27 13:36:02', NULL);
INSERT INTO `doctor_schedule_joins` (`id`, `doctor_schedule_day_id`, `doctor_schedule_hour_id`, `created_at`, `updated_at`, `deleted_at`) VALUES
(2866, 149, 2, '2024-05-27 13:36:02', '2024-05-27 13:36:02', NULL),
(2867, 149, 3, '2024-05-27 13:36:02', '2024-05-27 13:36:02', NULL),
(2868, 149, 4, '2024-05-27 13:36:02', '2024-05-27 13:36:02', NULL),
(2869, 149, 9, '2024-05-27 13:36:02', '2024-05-27 13:36:02', NULL),
(2870, 149, 10, '2024-05-27 13:36:02', '2024-05-27 13:36:02', NULL),
(2871, 149, 11, '2024-05-27 13:36:02', '2024-05-27 13:36:02', NULL),
(2872, 149, 12, '2024-05-27 13:36:02', '2024-05-27 13:36:02', NULL),
(2873, 149, 13, '2024-05-27 13:36:02', '2024-05-27 13:36:02', NULL),
(2874, 149, 14, '2024-05-27 13:36:02', '2024-05-27 13:36:02', NULL),
(2875, 149, 15, '2024-05-27 13:36:02', '2024-05-27 13:36:02', NULL),
(2876, 149, 16, '2024-05-27 13:36:02', '2024-05-27 13:36:02', NULL),
(2877, 149, 5, '2024-05-27 13:36:02', '2024-05-27 13:36:02', NULL),
(2878, 149, 6, '2024-05-27 13:36:02', '2024-05-27 13:36:02', NULL),
(2879, 149, 7, '2024-05-27 13:36:02', '2024-05-27 13:36:02', NULL),
(2880, 149, 8, '2024-05-27 13:36:02', '2024-05-27 13:36:02', NULL),
(2881, 149, 17, '2024-05-27 13:36:02', '2024-05-27 13:36:02', NULL),
(2882, 149, 18, '2024-05-27 13:36:02', '2024-05-27 13:36:02', NULL),
(2883, 149, 19, '2024-05-27 13:36:02', '2024-05-27 13:36:02', NULL),
(2884, 149, 20, '2024-05-27 13:36:02', '2024-05-27 13:36:02', NULL),
(2885, 149, 21, '2024-05-27 13:36:02', '2024-05-27 13:36:02', NULL),
(2886, 149, 22, '2024-05-27 13:36:02', '2024-05-27 13:36:02', NULL),
(2887, 149, 23, '2024-05-27 13:36:02', '2024-05-27 13:36:02', NULL),
(2888, 149, 24, '2024-05-27 13:36:02', '2024-05-27 13:36:02', NULL),
(2889, 149, 25, '2024-05-27 13:36:02', '2024-05-27 13:36:02', NULL),
(2890, 149, 26, '2024-05-27 13:36:02', '2024-05-27 13:36:02', NULL),
(2891, 149, 27, '2024-05-27 13:36:02', '2024-05-27 13:36:02', NULL),
(2892, 149, 28, '2024-05-27 13:36:02', '2024-05-27 13:36:02', NULL),
(2893, 149, 29, '2024-05-27 13:36:02', '2024-05-27 13:36:02', NULL),
(2894, 149, 30, '2024-05-27 13:36:02', '2024-05-27 13:36:02', NULL),
(2895, 149, 31, '2024-05-27 13:36:02', '2024-05-27 13:36:02', NULL),
(2896, 149, 32, '2024-05-27 13:36:02', '2024-05-27 13:36:02', NULL),
(2897, 149, 33, '2024-05-27 13:36:02', '2024-05-27 13:36:02', NULL),
(2898, 149, 34, '2024-05-27 13:36:02', '2024-05-27 13:36:02', NULL),
(2899, 149, 35, '2024-05-27 13:36:02', '2024-05-27 13:36:02', NULL),
(2900, 149, 36, '2024-05-27 13:36:02', '2024-05-27 13:36:02', NULL),
(2901, 149, 37, '2024-05-27 13:36:02', '2024-05-27 13:36:02', NULL),
(2902, 149, 38, '2024-05-27 13:36:02', '2024-05-27 13:36:02', NULL),
(2903, 149, 39, '2024-05-27 13:36:02', '2024-05-27 13:36:02', NULL),
(2904, 149, 40, '2024-05-27 13:36:02', '2024-05-27 13:36:02', NULL),
(2905, 150, 9, '2024-05-27 13:36:02', '2024-05-27 13:36:02', NULL),
(2906, 150, 10, '2024-05-27 13:36:02', '2024-05-27 13:36:02', NULL),
(2907, 150, 11, '2024-05-27 13:36:02', '2024-05-27 13:36:02', NULL),
(2908, 150, 12, '2024-05-27 13:36:02', '2024-05-27 13:36:02', NULL),
(2909, 150, 13, '2024-05-27 13:36:02', '2024-05-27 13:36:02', NULL),
(2910, 150, 14, '2024-05-27 13:36:02', '2024-05-27 13:36:02', NULL),
(2911, 150, 15, '2024-05-27 13:36:02', '2024-05-27 13:36:02', NULL),
(2912, 150, 16, '2024-05-27 13:36:02', '2024-05-27 13:36:02', NULL),
(2913, 150, 17, '2024-05-27 13:36:02', '2024-05-27 13:36:02', NULL),
(2914, 150, 18, '2024-05-27 13:36:02', '2024-05-27 13:36:02', NULL),
(2915, 150, 19, '2024-05-27 13:36:02', '2024-05-27 13:36:02', NULL),
(2916, 150, 20, '2024-05-27 13:36:02', '2024-05-27 13:36:02', NULL),
(2917, 150, 21, '2024-05-27 13:36:02', '2024-05-27 13:36:02', NULL),
(2918, 150, 22, '2024-05-27 13:36:02', '2024-05-27 13:36:02', NULL),
(2919, 150, 23, '2024-05-27 13:36:02', '2024-05-27 13:36:02', NULL),
(2920, 150, 24, '2024-05-27 13:36:02', '2024-05-27 13:36:02', NULL),
(2921, 150, 25, '2024-05-27 13:36:02', '2024-05-27 13:36:02', NULL),
(2922, 150, 26, '2024-05-27 13:36:02', '2024-05-27 13:36:02', NULL),
(2923, 150, 27, '2024-05-27 13:36:02', '2024-05-27 13:36:02', NULL),
(2924, 150, 28, '2024-05-27 13:36:02', '2024-05-27 13:36:02', NULL),
(2925, 150, 29, '2024-05-27 13:36:02', '2024-05-27 13:36:02', NULL),
(2926, 150, 30, '2024-05-27 13:36:02', '2024-05-27 13:36:02', NULL),
(2927, 150, 31, '2024-05-27 13:36:02', '2024-05-27 13:36:02', NULL),
(2928, 150, 32, '2024-05-27 13:36:02', '2024-05-27 13:36:02', NULL),
(2929, 150, 33, '2024-05-27 13:36:02', '2024-05-27 13:36:02', NULL),
(2930, 150, 34, '2024-05-27 13:36:02', '2024-05-27 13:36:02', NULL),
(2931, 150, 35, '2024-05-27 13:36:02', '2024-05-27 13:36:02', NULL),
(2932, 150, 36, '2024-05-27 13:36:02', '2024-05-27 13:36:02', NULL),
(2933, 150, 37, '2024-05-27 13:36:02', '2024-05-27 13:36:02', NULL),
(2934, 150, 38, '2024-05-27 13:36:02', '2024-05-27 13:36:02', NULL),
(2935, 150, 39, '2024-05-27 13:36:02', '2024-05-27 13:36:02', NULL),
(2936, 150, 40, '2024-05-27 13:36:02', '2024-05-27 13:36:02', NULL),
(2937, 151, 9, '2024-05-27 13:36:02', '2024-05-27 13:36:02', NULL),
(2938, 151, 10, '2024-05-27 13:36:02', '2024-05-27 13:36:02', NULL),
(2939, 151, 11, '2024-05-27 13:36:02', '2024-05-27 13:36:02', NULL),
(2940, 151, 12, '2024-05-27 13:36:02', '2024-05-27 13:36:02', NULL),
(2941, 151, 13, '2024-05-27 13:36:02', '2024-05-27 13:36:02', NULL),
(2942, 151, 14, '2024-05-27 13:36:02', '2024-05-27 13:36:02', NULL),
(2943, 151, 15, '2024-05-27 13:36:02', '2024-05-27 13:36:02', NULL),
(2944, 151, 16, '2024-05-27 13:36:02', '2024-05-27 13:36:02', NULL),
(2945, 151, 17, '2024-05-27 13:36:02', '2024-05-27 13:36:02', NULL),
(2946, 151, 18, '2024-05-27 13:36:02', '2024-05-27 13:36:02', NULL),
(2947, 151, 19, '2024-05-27 13:36:02', '2024-05-27 13:36:02', NULL),
(2948, 151, 20, '2024-05-27 13:36:02', '2024-05-27 13:36:02', NULL),
(2949, 151, 21, '2024-05-27 13:36:02', '2024-05-27 13:36:02', NULL),
(2950, 151, 22, '2024-05-27 13:36:02', '2024-05-27 13:36:02', NULL),
(2951, 151, 23, '2024-05-27 13:36:02', '2024-05-27 13:36:02', NULL),
(2952, 151, 24, '2024-05-27 13:36:02', '2024-05-27 13:36:02', NULL),
(2953, 151, 25, '2024-05-27 13:36:02', '2024-05-27 13:36:02', NULL),
(2954, 151, 26, '2024-05-27 13:36:02', '2024-05-27 13:36:02', NULL),
(2955, 151, 27, '2024-05-27 13:36:02', '2024-05-27 13:36:02', NULL),
(2956, 151, 28, '2024-05-27 13:36:02', '2024-05-27 13:36:02', NULL),
(2957, 151, 29, '2024-05-27 13:36:02', '2024-05-27 13:36:02', NULL),
(2958, 151, 30, '2024-05-27 13:36:02', '2024-05-27 13:36:02', NULL),
(2959, 151, 31, '2024-05-27 13:36:02', '2024-05-27 13:36:02', NULL),
(2960, 151, 32, '2024-05-27 13:36:02', '2024-05-27 13:36:02', NULL),
(2961, 151, 33, '2024-05-27 13:36:02', '2024-05-27 13:36:02', NULL),
(2962, 151, 34, '2024-05-27 13:36:02', '2024-05-27 13:36:02', NULL),
(2963, 151, 35, '2024-05-27 13:36:02', '2024-05-27 13:36:02', NULL),
(2964, 151, 36, '2024-05-27 13:36:02', '2024-05-27 13:36:02', NULL),
(2965, 151, 37, '2024-05-27 13:36:02', '2024-05-27 13:36:02', NULL),
(2966, 151, 38, '2024-05-27 13:36:02', '2024-05-27 13:36:02', NULL),
(2967, 151, 39, '2024-05-27 13:36:02', '2024-05-27 13:36:02', NULL),
(2968, 151, 40, '2024-05-27 13:36:02', '2024-05-27 13:36:02', NULL),
(2969, 152, 9, '2024-05-27 13:36:02', '2024-05-27 13:36:02', NULL),
(2970, 152, 10, '2024-05-27 13:36:02', '2024-05-27 13:36:02', NULL),
(2971, 152, 11, '2024-05-27 13:36:02', '2024-05-27 13:36:02', NULL),
(2972, 152, 12, '2024-05-27 13:36:02', '2024-05-27 13:36:02', NULL),
(2973, 152, 13, '2024-05-27 13:36:02', '2024-05-27 13:36:02', NULL),
(2974, 152, 14, '2024-05-27 13:36:02', '2024-05-27 13:36:02', NULL),
(2975, 152, 15, '2024-05-27 13:36:02', '2024-05-27 13:36:02', NULL),
(2976, 152, 16, '2024-05-27 13:36:02', '2024-05-27 13:36:02', NULL),
(2977, 152, 17, '2024-05-27 13:36:02', '2024-05-27 13:36:02', NULL),
(2978, 152, 18, '2024-05-27 13:36:02', '2024-05-27 13:36:02', NULL),
(2979, 152, 19, '2024-05-27 13:36:02', '2024-05-27 13:36:02', NULL),
(2980, 152, 20, '2024-05-27 13:36:02', '2024-05-27 13:36:02', NULL),
(2981, 152, 21, '2024-05-27 13:36:02', '2024-05-27 13:36:02', NULL),
(2982, 152, 22, '2024-05-27 13:36:02', '2024-05-27 13:36:02', NULL),
(2983, 152, 23, '2024-05-27 13:36:02', '2024-05-27 13:36:02', NULL),
(2984, 152, 24, '2024-05-27 13:36:02', '2024-05-27 13:36:02', NULL),
(2985, 152, 25, '2024-05-27 13:36:02', '2024-05-27 13:36:02', NULL),
(2986, 152, 26, '2024-05-27 13:36:02', '2024-05-27 13:36:02', NULL),
(2987, 152, 27, '2024-05-27 13:36:02', '2024-05-27 13:36:02', NULL),
(2988, 152, 28, '2024-05-27 13:36:02', '2024-05-27 13:36:02', NULL),
(2989, 152, 29, '2024-05-27 13:36:02', '2024-05-27 13:36:02', NULL),
(2990, 152, 30, '2024-05-27 13:36:02', '2024-05-27 13:36:02', NULL),
(2991, 152, 31, '2024-05-27 13:36:02', '2024-05-27 13:36:02', NULL),
(2992, 152, 32, '2024-05-27 13:36:02', '2024-05-27 13:36:02', NULL),
(2993, 152, 33, '2024-05-27 13:36:02', '2024-05-27 13:36:02', NULL),
(2994, 152, 34, '2024-05-27 13:36:02', '2024-05-27 13:36:02', NULL),
(2995, 152, 35, '2024-05-27 13:36:02', '2024-05-27 13:36:02', NULL),
(2996, 152, 36, '2024-05-27 13:36:02', '2024-05-27 13:36:02', NULL),
(2997, 152, 37, '2024-05-27 13:36:02', '2024-05-27 13:36:02', NULL),
(2998, 152, 38, '2024-05-27 13:36:02', '2024-05-27 13:36:02', NULL),
(2999, 152, 39, '2024-05-27 13:36:02', '2024-05-27 13:36:02', NULL),
(3000, 152, 40, '2024-05-27 13:36:02', '2024-05-27 13:36:02', NULL),
(3001, 153, 9, '2024-05-27 13:36:02', '2024-05-27 13:36:02', NULL),
(3002, 153, 10, '2024-05-27 13:36:02', '2024-05-27 13:36:02', NULL),
(3003, 153, 11, '2024-05-27 13:36:02', '2024-05-27 13:36:02', NULL),
(3004, 153, 12, '2024-05-27 13:36:02', '2024-05-27 13:36:02', NULL),
(3005, 153, 13, '2024-05-27 13:36:02', '2024-05-27 13:36:02', NULL),
(3006, 153, 14, '2024-05-27 13:36:02', '2024-05-27 13:36:02', NULL),
(3007, 153, 15, '2024-05-27 13:36:02', '2024-05-27 13:36:02', NULL),
(3008, 153, 16, '2024-05-27 13:36:02', '2024-05-27 13:36:02', NULL),
(3009, 153, 17, '2024-05-27 13:36:02', '2024-05-27 13:36:02', NULL),
(3010, 153, 18, '2024-05-27 13:36:02', '2024-05-27 13:36:02', NULL),
(3011, 153, 19, '2024-05-27 13:36:02', '2024-05-27 13:36:02', NULL),
(3012, 153, 20, '2024-05-27 13:36:02', '2024-05-27 13:36:02', NULL),
(3013, 153, 21, '2024-05-27 13:36:02', '2024-05-27 13:36:02', NULL),
(3014, 153, 22, '2024-05-27 13:36:02', '2024-05-27 13:36:02', NULL),
(3015, 153, 23, '2024-05-27 13:36:02', '2024-05-27 13:36:02', NULL),
(3016, 153, 24, '2024-05-27 13:36:02', '2024-05-27 13:36:02', NULL),
(3017, 153, 25, '2024-05-27 13:36:02', '2024-05-27 13:36:02', NULL),
(3018, 153, 26, '2024-05-27 13:36:02', '2024-05-27 13:36:02', NULL),
(3019, 153, 27, '2024-05-27 13:36:02', '2024-05-27 13:36:02', NULL),
(3020, 153, 28, '2024-05-27 13:36:02', '2024-05-27 13:36:02', NULL),
(3021, 153, 29, '2024-05-27 13:36:02', '2024-05-27 13:36:02', NULL),
(3022, 153, 30, '2024-05-27 13:36:02', '2024-05-27 13:36:02', NULL),
(3023, 153, 31, '2024-05-27 13:36:02', '2024-05-27 13:36:02', NULL),
(3024, 153, 32, '2024-05-27 13:36:02', '2024-05-27 13:36:02', NULL),
(3025, 153, 33, '2024-05-27 13:36:02', '2024-05-27 13:36:02', NULL),
(3026, 153, 34, '2024-05-27 13:36:02', '2024-05-27 13:36:02', NULL),
(3027, 153, 35, '2024-05-27 13:36:02', '2024-05-27 13:36:02', NULL),
(3028, 153, 36, '2024-05-27 13:36:02', '2024-05-27 13:36:02', NULL),
(3029, 153, 37, '2024-05-27 13:36:02', '2024-05-27 13:36:02', NULL),
(3030, 153, 38, '2024-05-27 13:36:02', '2024-05-27 13:36:02', NULL),
(3031, 153, 39, '2024-05-27 13:36:02', '2024-05-27 13:36:02', NULL),
(3032, 153, 40, '2024-05-27 13:36:02', '2024-05-27 13:36:02', NULL),
(3033, 154, 1, '2024-05-27 13:44:06', '2024-05-27 13:44:06', NULL),
(3034, 154, 2, '2024-05-27 13:44:06', '2024-05-27 13:44:06', NULL),
(3035, 154, 3, '2024-05-27 13:44:06', '2024-05-27 13:44:06', NULL),
(3036, 154, 4, '2024-05-27 13:44:06', '2024-05-27 13:44:06', NULL),
(3037, 154, 5, '2024-05-27 13:44:06', '2024-05-27 13:44:06', NULL),
(3038, 154, 6, '2024-05-27 13:44:06', '2024-05-27 13:44:06', NULL),
(3039, 154, 7, '2024-05-27 13:44:06', '2024-05-27 13:44:06', NULL),
(3040, 154, 8, '2024-05-27 13:44:06', '2024-05-27 13:44:06', NULL),
(3041, 154, 9, '2024-05-27 13:44:06', '2024-05-27 13:44:06', NULL),
(3042, 154, 10, '2024-05-27 13:44:06', '2024-05-27 13:44:06', NULL),
(3043, 154, 11, '2024-05-27 13:44:06', '2024-05-27 13:44:06', NULL),
(3044, 154, 12, '2024-05-27 13:44:06', '2024-05-27 13:44:06', NULL),
(3045, 154, 13, '2024-05-27 13:44:06', '2024-05-27 13:44:06', NULL),
(3046, 154, 14, '2024-05-27 13:44:06', '2024-05-27 13:44:06', NULL),
(3047, 154, 15, '2024-05-27 13:44:06', '2024-05-27 13:44:06', NULL),
(3048, 154, 16, '2024-05-27 13:44:06', '2024-05-27 13:44:06', NULL),
(3049, 154, 21, '2024-05-27 13:44:06', '2024-05-27 13:44:06', NULL),
(3050, 154, 22, '2024-05-27 13:44:06', '2024-05-27 13:44:06', NULL),
(3051, 154, 23, '2024-05-27 13:44:06', '2024-05-27 13:44:06', NULL),
(3052, 154, 24, '2024-05-27 13:44:06', '2024-05-27 13:44:06', NULL),
(3053, 154, 25, '2024-05-27 13:44:06', '2024-05-27 13:44:06', NULL),
(3054, 154, 26, '2024-05-27 13:44:06', '2024-05-27 13:44:06', NULL),
(3055, 154, 27, '2024-05-27 13:44:06', '2024-05-27 13:44:06', NULL),
(3056, 154, 28, '2024-05-27 13:44:06', '2024-05-27 13:44:06', NULL),
(3057, 154, 29, '2024-05-27 13:44:06', '2024-05-27 13:44:06', NULL),
(3058, 154, 30, '2024-05-27 13:44:06', '2024-05-27 13:44:06', NULL),
(3059, 154, 31, '2024-05-27 13:44:06', '2024-05-27 13:44:06', NULL),
(3060, 154, 32, '2024-05-27 13:44:06', '2024-05-27 13:44:06', NULL),
(3061, 154, 33, '2024-05-27 13:44:06', '2024-05-27 13:44:06', NULL),
(3062, 154, 34, '2024-05-27 13:44:06', '2024-05-27 13:44:06', NULL),
(3063, 154, 35, '2024-05-27 13:44:06', '2024-05-27 13:44:06', NULL),
(3064, 154, 36, '2024-05-27 13:44:06', '2024-05-27 13:44:06', NULL),
(3065, 154, 37, '2024-05-27 13:44:06', '2024-05-27 13:44:06', NULL),
(3066, 154, 38, '2024-05-27 13:44:06', '2024-05-27 13:44:06', NULL),
(3067, 154, 39, '2024-05-27 13:44:06', '2024-05-27 13:44:06', NULL),
(3068, 154, 40, '2024-05-27 13:44:06', '2024-05-27 13:44:06', NULL),
(3069, 154, 17, '2024-05-27 13:44:06', '2024-05-27 13:44:06', NULL),
(3070, 154, 18, '2024-05-27 13:44:06', '2024-05-27 13:44:06', NULL),
(3071, 154, 19, '2024-05-27 13:44:06', '2024-05-27 13:44:06', NULL),
(3072, 154, 20, '2024-05-27 13:44:06', '2024-05-27 13:44:06', NULL),
(3073, 155, 1, '2024-05-27 13:44:06', '2024-05-27 13:44:06', NULL),
(3074, 155, 2, '2024-05-27 13:44:06', '2024-05-27 13:44:06', NULL),
(3075, 155, 3, '2024-05-27 13:44:06', '2024-05-27 13:44:06', NULL),
(3076, 155, 4, '2024-05-27 13:44:06', '2024-05-27 13:44:06', NULL),
(3077, 155, 5, '2024-05-27 13:44:06', '2024-05-27 13:44:06', NULL),
(3078, 155, 6, '2024-05-27 13:44:06', '2024-05-27 13:44:06', NULL),
(3079, 155, 7, '2024-05-27 13:44:06', '2024-05-27 13:44:06', NULL),
(3080, 155, 8, '2024-05-27 13:44:06', '2024-05-27 13:44:06', NULL),
(3081, 155, 9, '2024-05-27 13:44:06', '2024-05-27 13:44:06', NULL),
(3082, 155, 10, '2024-05-27 13:44:06', '2024-05-27 13:44:06', NULL),
(3083, 155, 11, '2024-05-27 13:44:06', '2024-05-27 13:44:06', NULL),
(3084, 155, 12, '2024-05-27 13:44:06', '2024-05-27 13:44:06', NULL),
(3085, 155, 13, '2024-05-27 13:44:06', '2024-05-27 13:44:06', NULL),
(3086, 155, 14, '2024-05-27 13:44:06', '2024-05-27 13:44:06', NULL),
(3087, 155, 15, '2024-05-27 13:44:06', '2024-05-27 13:44:06', NULL),
(3088, 155, 16, '2024-05-27 13:44:06', '2024-05-27 13:44:06', NULL),
(3089, 155, 21, '2024-05-27 13:44:06', '2024-05-27 13:44:06', NULL),
(3090, 155, 22, '2024-05-27 13:44:06', '2024-05-27 13:44:06', NULL),
(3091, 155, 23, '2024-05-27 13:44:06', '2024-05-27 13:44:06', NULL),
(3092, 155, 24, '2024-05-27 13:44:06', '2024-05-27 13:44:06', NULL),
(3093, 155, 25, '2024-05-27 13:44:06', '2024-05-27 13:44:06', NULL),
(3094, 155, 26, '2024-05-27 13:44:06', '2024-05-27 13:44:06', NULL),
(3095, 155, 27, '2024-05-27 13:44:06', '2024-05-27 13:44:06', NULL),
(3096, 155, 28, '2024-05-27 13:44:06', '2024-05-27 13:44:06', NULL),
(3097, 155, 29, '2024-05-27 13:44:06', '2024-05-27 13:44:06', NULL),
(3098, 155, 30, '2024-05-27 13:44:06', '2024-05-27 13:44:06', NULL),
(3099, 155, 31, '2024-05-27 13:44:06', '2024-05-27 13:44:06', NULL),
(3100, 155, 32, '2024-05-27 13:44:06', '2024-05-27 13:44:06', NULL),
(3101, 155, 33, '2024-05-27 13:44:06', '2024-05-27 13:44:06', NULL),
(3102, 155, 34, '2024-05-27 13:44:06', '2024-05-27 13:44:06', NULL),
(3103, 155, 35, '2024-05-27 13:44:06', '2024-05-27 13:44:06', NULL),
(3104, 155, 36, '2024-05-27 13:44:06', '2024-05-27 13:44:06', NULL),
(3105, 155, 37, '2024-05-27 13:44:06', '2024-05-27 13:44:06', NULL),
(3106, 155, 38, '2024-05-27 13:44:06', '2024-05-27 13:44:06', NULL),
(3107, 155, 39, '2024-05-27 13:44:06', '2024-05-27 13:44:06', NULL),
(3108, 155, 40, '2024-05-27 13:44:06', '2024-05-27 13:44:06', NULL),
(3109, 155, 17, '2024-05-27 13:44:06', '2024-05-27 13:44:06', NULL),
(3110, 155, 18, '2024-05-27 13:44:06', '2024-05-27 13:44:06', NULL),
(3111, 155, 19, '2024-05-27 13:44:06', '2024-05-27 13:44:06', NULL),
(3112, 155, 20, '2024-05-27 13:44:06', '2024-05-27 13:44:06', NULL),
(3113, 156, 1, '2024-05-27 13:44:06', '2024-05-27 13:44:06', NULL),
(3114, 156, 2, '2024-05-27 13:44:06', '2024-05-27 13:44:06', NULL),
(3115, 156, 3, '2024-05-27 13:44:06', '2024-05-27 13:44:06', NULL),
(3116, 156, 4, '2024-05-27 13:44:06', '2024-05-27 13:44:06', NULL),
(3117, 156, 5, '2024-05-27 13:44:06', '2024-05-27 13:44:06', NULL),
(3118, 156, 6, '2024-05-27 13:44:06', '2024-05-27 13:44:06', NULL),
(3119, 156, 7, '2024-05-27 13:44:06', '2024-05-27 13:44:06', NULL),
(3120, 156, 8, '2024-05-27 13:44:06', '2024-05-27 13:44:06', NULL),
(3121, 156, 9, '2024-05-27 13:44:06', '2024-05-27 13:44:06', NULL),
(3122, 156, 10, '2024-05-27 13:44:06', '2024-05-27 13:44:06', NULL),
(3123, 156, 11, '2024-05-27 13:44:06', '2024-05-27 13:44:06', NULL),
(3124, 156, 12, '2024-05-27 13:44:06', '2024-05-27 13:44:06', NULL),
(3125, 156, 13, '2024-05-27 13:44:06', '2024-05-27 13:44:06', NULL),
(3126, 156, 14, '2024-05-27 13:44:06', '2024-05-27 13:44:06', NULL),
(3127, 156, 15, '2024-05-27 13:44:06', '2024-05-27 13:44:06', NULL),
(3128, 156, 16, '2024-05-27 13:44:06', '2024-05-27 13:44:06', NULL),
(3129, 156, 21, '2024-05-27 13:44:06', '2024-05-27 13:44:06', NULL),
(3130, 156, 22, '2024-05-27 13:44:06', '2024-05-27 13:44:06', NULL),
(3131, 156, 23, '2024-05-27 13:44:06', '2024-05-27 13:44:06', NULL),
(3132, 156, 24, '2024-05-27 13:44:06', '2024-05-27 13:44:06', NULL),
(3133, 156, 25, '2024-05-27 13:44:06', '2024-05-27 13:44:06', NULL),
(3134, 156, 26, '2024-05-27 13:44:06', '2024-05-27 13:44:06', NULL),
(3135, 156, 27, '2024-05-27 13:44:06', '2024-05-27 13:44:06', NULL),
(3136, 156, 28, '2024-05-27 13:44:06', '2024-05-27 13:44:06', NULL),
(3137, 156, 29, '2024-05-27 13:44:06', '2024-05-27 13:44:06', NULL),
(3138, 156, 30, '2024-05-27 13:44:06', '2024-05-27 13:44:06', NULL),
(3139, 156, 31, '2024-05-27 13:44:06', '2024-05-27 13:44:06', NULL),
(3140, 156, 32, '2024-05-27 13:44:06', '2024-05-27 13:44:06', NULL),
(3141, 156, 33, '2024-05-27 13:44:06', '2024-05-27 13:44:06', NULL),
(3142, 156, 34, '2024-05-27 13:44:06', '2024-05-27 13:44:06', NULL),
(3143, 156, 35, '2024-05-27 13:44:06', '2024-05-27 13:44:06', NULL),
(3144, 156, 36, '2024-05-27 13:44:06', '2024-05-27 13:44:06', NULL),
(3145, 156, 37, '2024-05-27 13:44:06', '2024-05-27 13:44:06', NULL),
(3146, 156, 38, '2024-05-27 13:44:06', '2024-05-27 13:44:06', NULL),
(3147, 156, 39, '2024-05-27 13:44:06', '2024-05-27 13:44:06', NULL),
(3148, 156, 40, '2024-05-27 13:44:06', '2024-05-27 13:44:06', NULL),
(3149, 156, 17, '2024-05-27 13:44:06', '2024-05-27 13:44:06', NULL),
(3150, 156, 18, '2024-05-27 13:44:06', '2024-05-27 13:44:06', NULL),
(3151, 156, 19, '2024-05-27 13:44:06', '2024-05-27 13:44:06', NULL),
(3152, 156, 20, '2024-05-27 13:44:06', '2024-05-27 13:44:06', NULL),
(3153, 157, 1, '2024-05-27 13:44:06', '2024-05-27 13:44:06', NULL),
(3154, 157, 2, '2024-05-27 13:44:06', '2024-05-27 13:44:06', NULL),
(3155, 157, 3, '2024-05-27 13:44:06', '2024-05-27 13:44:06', NULL),
(3156, 157, 4, '2024-05-27 13:44:06', '2024-05-27 13:44:06', NULL),
(3157, 157, 5, '2024-05-27 13:44:06', '2024-05-27 13:44:06', NULL),
(3158, 157, 6, '2024-05-27 13:44:06', '2024-05-27 13:44:06', NULL),
(3159, 157, 7, '2024-05-27 13:44:06', '2024-05-27 13:44:06', NULL),
(3160, 157, 8, '2024-05-27 13:44:06', '2024-05-27 13:44:06', NULL),
(3161, 157, 9, '2024-05-27 13:44:06', '2024-05-27 13:44:06', NULL),
(3162, 157, 10, '2024-05-27 13:44:06', '2024-05-27 13:44:06', NULL),
(3163, 157, 11, '2024-05-27 13:44:06', '2024-05-27 13:44:06', NULL),
(3164, 157, 12, '2024-05-27 13:44:06', '2024-05-27 13:44:06', NULL),
(3165, 157, 13, '2024-05-27 13:44:06', '2024-05-27 13:44:06', NULL),
(3166, 157, 14, '2024-05-27 13:44:06', '2024-05-27 13:44:06', NULL),
(3167, 157, 15, '2024-05-27 13:44:06', '2024-05-27 13:44:06', NULL),
(3168, 157, 16, '2024-05-27 13:44:06', '2024-05-27 13:44:06', NULL),
(3169, 157, 21, '2024-05-27 13:44:06', '2024-05-27 13:44:06', NULL),
(3170, 157, 22, '2024-05-27 13:44:06', '2024-05-27 13:44:06', NULL),
(3171, 157, 23, '2024-05-27 13:44:06', '2024-05-27 13:44:06', NULL),
(3172, 157, 24, '2024-05-27 13:44:06', '2024-05-27 13:44:06', NULL),
(3173, 157, 25, '2024-05-27 13:44:06', '2024-05-27 13:44:06', NULL),
(3174, 157, 26, '2024-05-27 13:44:06', '2024-05-27 13:44:06', NULL),
(3175, 157, 27, '2024-05-27 13:44:06', '2024-05-27 13:44:06', NULL),
(3176, 157, 28, '2024-05-27 13:44:06', '2024-05-27 13:44:06', NULL),
(3177, 157, 29, '2024-05-27 13:44:06', '2024-05-27 13:44:06', NULL),
(3178, 157, 30, '2024-05-27 13:44:06', '2024-05-27 13:44:06', NULL),
(3179, 157, 31, '2024-05-27 13:44:06', '2024-05-27 13:44:06', NULL),
(3180, 157, 32, '2024-05-27 13:44:06', '2024-05-27 13:44:06', NULL),
(3181, 157, 33, '2024-05-27 13:44:06', '2024-05-27 13:44:06', NULL),
(3182, 157, 34, '2024-05-27 13:44:06', '2024-05-27 13:44:06', NULL),
(3183, 157, 35, '2024-05-27 13:44:06', '2024-05-27 13:44:06', NULL),
(3184, 157, 36, '2024-05-27 13:44:06', '2024-05-27 13:44:06', NULL),
(3185, 157, 37, '2024-05-27 13:44:06', '2024-05-27 13:44:06', NULL),
(3186, 157, 38, '2024-05-27 13:44:06', '2024-05-27 13:44:06', NULL),
(3187, 157, 39, '2024-05-27 13:44:06', '2024-05-27 13:44:06', NULL),
(3188, 157, 40, '2024-05-27 13:44:06', '2024-05-27 13:44:06', NULL),
(3189, 157, 17, '2024-05-27 13:44:06', '2024-05-27 13:44:06', NULL),
(3190, 157, 18, '2024-05-27 13:44:06', '2024-05-27 13:44:06', NULL),
(3191, 157, 19, '2024-05-27 13:44:06', '2024-05-27 13:44:06', NULL),
(3192, 157, 20, '2024-05-27 13:44:06', '2024-05-27 13:44:06', NULL),
(3193, 158, 1, '2024-05-27 13:44:06', '2024-05-27 13:44:06', NULL),
(3194, 158, 2, '2024-05-27 13:44:06', '2024-05-27 13:44:06', NULL),
(3195, 158, 3, '2024-05-27 13:44:06', '2024-05-27 13:44:06', NULL),
(3196, 158, 4, '2024-05-27 13:44:06', '2024-05-27 13:44:06', NULL),
(3197, 158, 5, '2024-05-27 13:44:06', '2024-05-27 13:44:06', NULL),
(3198, 158, 6, '2024-05-27 13:44:06', '2024-05-27 13:44:06', NULL),
(3199, 158, 7, '2024-05-27 13:44:06', '2024-05-27 13:44:06', NULL),
(3200, 158, 8, '2024-05-27 13:44:06', '2024-05-27 13:44:06', NULL),
(3201, 158, 9, '2024-05-27 13:44:06', '2024-05-27 13:44:06', NULL),
(3202, 158, 10, '2024-05-27 13:44:06', '2024-05-27 13:44:06', NULL),
(3203, 158, 11, '2024-05-27 13:44:06', '2024-05-27 13:44:06', NULL),
(3204, 158, 12, '2024-05-27 13:44:06', '2024-05-27 13:44:06', NULL),
(3205, 158, 13, '2024-05-27 13:44:06', '2024-05-27 13:44:06', NULL),
(3206, 158, 14, '2024-05-27 13:44:06', '2024-05-27 13:44:06', NULL),
(3207, 158, 15, '2024-05-27 13:44:06', '2024-05-27 13:44:06', NULL),
(3208, 158, 16, '2024-05-27 13:44:06', '2024-05-27 13:44:06', NULL),
(3209, 158, 21, '2024-05-27 13:44:06', '2024-05-27 13:44:06', NULL),
(3210, 158, 22, '2024-05-27 13:44:06', '2024-05-27 13:44:06', NULL),
(3211, 158, 23, '2024-05-27 13:44:06', '2024-05-27 13:44:06', NULL),
(3212, 158, 24, '2024-05-27 13:44:06', '2024-05-27 13:44:06', NULL),
(3213, 158, 25, '2024-05-27 13:44:06', '2024-05-27 13:44:06', NULL),
(3214, 158, 26, '2024-05-27 13:44:06', '2024-05-27 13:44:06', NULL),
(3215, 158, 27, '2024-05-27 13:44:06', '2024-05-27 13:44:06', NULL),
(3216, 158, 28, '2024-05-27 13:44:06', '2024-05-27 13:44:06', NULL),
(3217, 158, 29, '2024-05-27 13:44:06', '2024-05-27 13:44:06', NULL),
(3218, 158, 30, '2024-05-27 13:44:06', '2024-05-27 13:44:06', NULL),
(3219, 158, 31, '2024-05-27 13:44:06', '2024-05-27 13:44:06', NULL),
(3220, 158, 32, '2024-05-27 13:44:06', '2024-05-27 13:44:06', NULL),
(3221, 158, 33, '2024-05-27 13:44:06', '2024-05-27 13:44:06', NULL),
(3222, 158, 34, '2024-05-27 13:44:06', '2024-05-27 13:44:06', NULL),
(3223, 158, 35, '2024-05-27 13:44:06', '2024-05-27 13:44:06', NULL),
(3224, 158, 36, '2024-05-27 13:44:06', '2024-05-27 13:44:06', NULL),
(3225, 158, 37, '2024-05-27 13:44:06', '2024-05-27 13:44:06', NULL),
(3226, 158, 38, '2024-05-27 13:44:06', '2024-05-27 13:44:06', NULL),
(3227, 158, 39, '2024-05-27 13:44:06', '2024-05-27 13:44:06', NULL),
(3228, 158, 40, '2024-05-27 13:44:06', '2024-05-27 13:44:06', NULL),
(3229, 158, 17, '2024-05-27 13:44:06', '2024-05-27 13:44:06', NULL),
(3230, 158, 18, '2024-05-27 13:44:06', '2024-05-27 13:44:06', NULL),
(3231, 158, 19, '2024-05-27 13:44:06', '2024-05-27 13:44:06', NULL),
(3232, 158, 20, '2024-05-27 13:44:06', '2024-05-27 13:44:06', NULL),
(3233, 159, 1, '2024-05-27 13:46:02', '2024-05-27 13:46:02', NULL),
(3234, 159, 2, '2024-05-27 13:46:02', '2024-05-27 13:46:02', NULL),
(3235, 159, 3, '2024-05-27 13:46:02', '2024-05-27 13:46:02', NULL),
(3236, 159, 4, '2024-05-27 13:46:02', '2024-05-27 13:46:02', NULL),
(3237, 159, 5, '2024-05-27 13:46:02', '2024-05-27 13:46:02', NULL),
(3238, 159, 6, '2024-05-27 13:46:02', '2024-05-27 13:46:02', NULL),
(3239, 159, 7, '2024-05-27 13:46:02', '2024-05-27 13:46:02', NULL),
(3240, 159, 8, '2024-05-27 13:46:02', '2024-05-27 13:46:02', NULL),
(3241, 159, 9, '2024-05-27 13:46:02', '2024-05-27 13:46:02', NULL),
(3242, 159, 10, '2024-05-27 13:46:02', '2024-05-27 13:46:02', NULL),
(3243, 159, 11, '2024-05-27 13:46:02', '2024-05-27 13:46:02', NULL),
(3244, 159, 12, '2024-05-27 13:46:02', '2024-05-27 13:46:02', NULL),
(3245, 159, 13, '2024-05-27 13:46:02', '2024-05-27 13:46:02', NULL),
(3246, 159, 14, '2024-05-27 13:46:02', '2024-05-27 13:46:02', NULL),
(3247, 159, 15, '2024-05-27 13:46:02', '2024-05-27 13:46:02', NULL),
(3248, 159, 16, '2024-05-27 13:46:02', '2024-05-27 13:46:02', NULL),
(3249, 159, 21, '2024-05-27 13:46:02', '2024-05-27 13:46:02', NULL),
(3250, 159, 22, '2024-05-27 13:46:02', '2024-05-27 13:46:02', NULL),
(3251, 159, 23, '2024-05-27 13:46:02', '2024-05-27 13:46:02', NULL),
(3252, 159, 24, '2024-05-27 13:46:02', '2024-05-27 13:46:02', NULL),
(3253, 159, 25, '2024-05-27 13:46:02', '2024-05-27 13:46:02', NULL),
(3254, 159, 26, '2024-05-27 13:46:02', '2024-05-27 13:46:02', NULL),
(3255, 159, 27, '2024-05-27 13:46:02', '2024-05-27 13:46:02', NULL),
(3256, 159, 28, '2024-05-27 13:46:02', '2024-05-27 13:46:02', NULL),
(3257, 159, 29, '2024-05-27 13:46:02', '2024-05-27 13:46:02', NULL),
(3258, 159, 30, '2024-05-27 13:46:02', '2024-05-27 13:46:02', NULL),
(3259, 159, 31, '2024-05-27 13:46:02', '2024-05-27 13:46:02', NULL),
(3260, 159, 32, '2024-05-27 13:46:02', '2024-05-27 13:46:02', NULL),
(3261, 159, 33, '2024-05-27 13:46:02', '2024-05-27 13:46:02', NULL),
(3262, 159, 34, '2024-05-27 13:46:02', '2024-05-27 13:46:02', NULL),
(3263, 159, 35, '2024-05-27 13:46:02', '2024-05-27 13:46:02', NULL),
(3264, 159, 36, '2024-05-27 13:46:02', '2024-05-27 13:46:02', NULL),
(3265, 159, 37, '2024-05-27 13:46:02', '2024-05-27 13:46:02', NULL),
(3266, 159, 38, '2024-05-27 13:46:02', '2024-05-27 13:46:02', NULL),
(3267, 159, 39, '2024-05-27 13:46:02', '2024-05-27 13:46:02', NULL),
(3268, 159, 40, '2024-05-27 13:46:02', '2024-05-27 13:46:02', NULL),
(3269, 159, 17, '2024-05-27 13:46:02', '2024-05-27 13:46:02', NULL),
(3270, 159, 18, '2024-05-27 13:46:02', '2024-05-27 13:46:02', NULL),
(3271, 159, 19, '2024-05-27 13:46:02', '2024-05-27 13:46:02', NULL),
(3272, 159, 20, '2024-05-27 13:46:02', '2024-05-27 13:46:02', NULL),
(3273, 160, 1, '2024-05-27 13:46:02', '2024-05-27 13:46:02', NULL),
(3274, 160, 2, '2024-05-27 13:46:02', '2024-05-27 13:46:02', NULL),
(3275, 160, 3, '2024-05-27 13:46:02', '2024-05-27 13:46:02', NULL),
(3276, 160, 4, '2024-05-27 13:46:02', '2024-05-27 13:46:02', NULL),
(3277, 160, 5, '2024-05-27 13:46:02', '2024-05-27 13:46:02', NULL),
(3278, 160, 6, '2024-05-27 13:46:02', '2024-05-27 13:46:02', NULL),
(3279, 160, 7, '2024-05-27 13:46:02', '2024-05-27 13:46:02', NULL),
(3280, 160, 8, '2024-05-27 13:46:02', '2024-05-27 13:46:02', NULL),
(3281, 160, 9, '2024-05-27 13:46:02', '2024-05-27 13:46:02', NULL),
(3282, 160, 10, '2024-05-27 13:46:02', '2024-05-27 13:46:02', NULL),
(3283, 160, 11, '2024-05-27 13:46:02', '2024-05-27 13:46:02', NULL),
(3284, 160, 12, '2024-05-27 13:46:02', '2024-05-27 13:46:02', NULL),
(3285, 160, 13, '2024-05-27 13:46:02', '2024-05-27 13:46:02', NULL),
(3286, 160, 14, '2024-05-27 13:46:02', '2024-05-27 13:46:02', NULL),
(3287, 160, 15, '2024-05-27 13:46:02', '2024-05-27 13:46:02', NULL),
(3288, 160, 16, '2024-05-27 13:46:02', '2024-05-27 13:46:02', NULL),
(3289, 160, 21, '2024-05-27 13:46:02', '2024-05-27 13:46:02', NULL),
(3290, 160, 22, '2024-05-27 13:46:02', '2024-05-27 13:46:02', NULL),
(3291, 160, 23, '2024-05-27 13:46:02', '2024-05-27 13:46:02', NULL),
(3292, 160, 24, '2024-05-27 13:46:02', '2024-05-27 13:46:02', NULL),
(3293, 160, 25, '2024-05-27 13:46:02', '2024-05-27 13:46:02', NULL),
(3294, 160, 26, '2024-05-27 13:46:02', '2024-05-27 13:46:02', NULL),
(3295, 160, 27, '2024-05-27 13:46:02', '2024-05-27 13:46:02', NULL),
(3296, 160, 28, '2024-05-27 13:46:02', '2024-05-27 13:46:02', NULL),
(3297, 160, 29, '2024-05-27 13:46:02', '2024-05-27 13:46:02', NULL),
(3298, 160, 30, '2024-05-27 13:46:02', '2024-05-27 13:46:02', NULL),
(3299, 160, 31, '2024-05-27 13:46:02', '2024-05-27 13:46:02', NULL),
(3300, 160, 32, '2024-05-27 13:46:02', '2024-05-27 13:46:02', NULL),
(3301, 160, 33, '2024-05-27 13:46:02', '2024-05-27 13:46:02', NULL),
(3302, 160, 34, '2024-05-27 13:46:02', '2024-05-27 13:46:02', NULL),
(3303, 160, 35, '2024-05-27 13:46:02', '2024-05-27 13:46:02', NULL),
(3304, 160, 36, '2024-05-27 13:46:02', '2024-05-27 13:46:02', NULL),
(3305, 160, 37, '2024-05-27 13:46:02', '2024-05-27 13:46:02', NULL),
(3306, 160, 38, '2024-05-27 13:46:02', '2024-05-27 13:46:02', NULL),
(3307, 160, 39, '2024-05-27 13:46:02', '2024-05-27 13:46:02', NULL),
(3308, 160, 40, '2024-05-27 13:46:02', '2024-05-27 13:46:02', NULL),
(3309, 160, 17, '2024-05-27 13:46:02', '2024-05-27 13:46:02', NULL),
(3310, 160, 18, '2024-05-27 13:46:02', '2024-05-27 13:46:02', NULL),
(3311, 160, 19, '2024-05-27 13:46:02', '2024-05-27 13:46:02', NULL),
(3312, 160, 20, '2024-05-27 13:46:02', '2024-05-27 13:46:02', NULL),
(3313, 161, 1, '2024-05-27 13:46:02', '2024-05-27 13:46:02', NULL),
(3314, 161, 2, '2024-05-27 13:46:02', '2024-05-27 13:46:02', NULL),
(3315, 161, 3, '2024-05-27 13:46:02', '2024-05-27 13:46:02', NULL),
(3316, 161, 4, '2024-05-27 13:46:02', '2024-05-27 13:46:02', NULL),
(3317, 161, 5, '2024-05-27 13:46:02', '2024-05-27 13:46:02', NULL),
(3318, 161, 6, '2024-05-27 13:46:02', '2024-05-27 13:46:02', NULL),
(3319, 161, 7, '2024-05-27 13:46:02', '2024-05-27 13:46:02', NULL),
(3320, 161, 8, '2024-05-27 13:46:02', '2024-05-27 13:46:02', NULL),
(3321, 161, 9, '2024-05-27 13:46:02', '2024-05-27 13:46:02', NULL),
(3322, 161, 10, '2024-05-27 13:46:02', '2024-05-27 13:46:02', NULL),
(3323, 161, 11, '2024-05-27 13:46:02', '2024-05-27 13:46:02', NULL),
(3324, 161, 12, '2024-05-27 13:46:02', '2024-05-27 13:46:02', NULL),
(3325, 161, 13, '2024-05-27 13:46:02', '2024-05-27 13:46:02', NULL),
(3326, 161, 14, '2024-05-27 13:46:02', '2024-05-27 13:46:02', NULL),
(3327, 161, 15, '2024-05-27 13:46:02', '2024-05-27 13:46:02', NULL),
(3328, 161, 16, '2024-05-27 13:46:02', '2024-05-27 13:46:02', NULL),
(3329, 161, 21, '2024-05-27 13:46:02', '2024-05-27 13:46:02', NULL),
(3330, 161, 22, '2024-05-27 13:46:02', '2024-05-27 13:46:02', NULL),
(3331, 161, 23, '2024-05-27 13:46:02', '2024-05-27 13:46:02', NULL),
(3332, 161, 24, '2024-05-27 13:46:02', '2024-05-27 13:46:02', NULL),
(3333, 161, 25, '2024-05-27 13:46:02', '2024-05-27 13:46:02', NULL),
(3334, 161, 26, '2024-05-27 13:46:02', '2024-05-27 13:46:02', NULL),
(3335, 161, 27, '2024-05-27 13:46:02', '2024-05-27 13:46:02', NULL),
(3336, 161, 28, '2024-05-27 13:46:02', '2024-05-27 13:46:02', NULL),
(3337, 161, 29, '2024-05-27 13:46:02', '2024-05-27 13:46:02', NULL),
(3338, 161, 30, '2024-05-27 13:46:02', '2024-05-27 13:46:02', NULL),
(3339, 161, 31, '2024-05-27 13:46:02', '2024-05-27 13:46:02', NULL),
(3340, 161, 32, '2024-05-27 13:46:02', '2024-05-27 13:46:02', NULL),
(3341, 161, 33, '2024-05-27 13:46:02', '2024-05-27 13:46:02', NULL),
(3342, 161, 34, '2024-05-27 13:46:02', '2024-05-27 13:46:02', NULL),
(3343, 161, 35, '2024-05-27 13:46:02', '2024-05-27 13:46:02', NULL),
(3344, 161, 36, '2024-05-27 13:46:02', '2024-05-27 13:46:02', NULL),
(3345, 161, 37, '2024-05-27 13:46:02', '2024-05-27 13:46:02', NULL),
(3346, 161, 38, '2024-05-27 13:46:02', '2024-05-27 13:46:02', NULL),
(3347, 161, 39, '2024-05-27 13:46:02', '2024-05-27 13:46:02', NULL),
(3348, 161, 40, '2024-05-27 13:46:02', '2024-05-27 13:46:02', NULL),
(3349, 161, 17, '2024-05-27 13:46:02', '2024-05-27 13:46:02', NULL),
(3350, 161, 18, '2024-05-27 13:46:02', '2024-05-27 13:46:02', NULL),
(3351, 161, 19, '2024-05-27 13:46:02', '2024-05-27 13:46:02', NULL),
(3352, 161, 20, '2024-05-27 13:46:02', '2024-05-27 13:46:02', NULL),
(3353, 162, 1, '2024-05-27 13:46:02', '2024-05-27 13:46:02', NULL),
(3354, 162, 2, '2024-05-27 13:46:02', '2024-05-27 13:46:02', NULL),
(3355, 162, 3, '2024-05-27 13:46:02', '2024-05-27 13:46:02', NULL),
(3356, 162, 4, '2024-05-27 13:46:02', '2024-05-27 13:46:02', NULL),
(3357, 162, 5, '2024-05-27 13:46:02', '2024-05-27 13:46:02', NULL),
(3358, 162, 6, '2024-05-27 13:46:02', '2024-05-27 13:46:02', NULL),
(3359, 162, 7, '2024-05-27 13:46:02', '2024-05-27 13:46:02', NULL),
(3360, 162, 8, '2024-05-27 13:46:02', '2024-05-27 13:46:02', NULL),
(3361, 162, 9, '2024-05-27 13:46:02', '2024-05-27 13:46:02', NULL),
(3362, 162, 10, '2024-05-27 13:46:02', '2024-05-27 13:46:02', NULL),
(3363, 162, 11, '2024-05-27 13:46:02', '2024-05-27 13:46:02', NULL),
(3364, 162, 12, '2024-05-27 13:46:02', '2024-05-27 13:46:02', NULL),
(3365, 162, 13, '2024-05-27 13:46:02', '2024-05-27 13:46:02', NULL),
(3366, 162, 14, '2024-05-27 13:46:02', '2024-05-27 13:46:02', NULL),
(3367, 162, 15, '2024-05-27 13:46:02', '2024-05-27 13:46:02', NULL),
(3368, 162, 16, '2024-05-27 13:46:02', '2024-05-27 13:46:02', NULL),
(3369, 162, 21, '2024-05-27 13:46:02', '2024-05-27 13:46:02', NULL),
(3370, 162, 22, '2024-05-27 13:46:02', '2024-05-27 13:46:02', NULL),
(3371, 162, 23, '2024-05-27 13:46:02', '2024-05-27 13:46:02', NULL),
(3372, 162, 24, '2024-05-27 13:46:02', '2024-05-27 13:46:02', NULL),
(3373, 162, 25, '2024-05-27 13:46:02', '2024-05-27 13:46:02', NULL),
(3374, 162, 26, '2024-05-27 13:46:02', '2024-05-27 13:46:02', NULL),
(3375, 162, 27, '2024-05-27 13:46:02', '2024-05-27 13:46:02', NULL),
(3376, 162, 28, '2024-05-27 13:46:02', '2024-05-27 13:46:02', NULL),
(3377, 162, 29, '2024-05-27 13:46:02', '2024-05-27 13:46:02', NULL),
(3378, 162, 30, '2024-05-27 13:46:02', '2024-05-27 13:46:02', NULL),
(3379, 162, 31, '2024-05-27 13:46:02', '2024-05-27 13:46:02', NULL),
(3380, 162, 32, '2024-05-27 13:46:02', '2024-05-27 13:46:02', NULL),
(3381, 162, 33, '2024-05-27 13:46:02', '2024-05-27 13:46:02', NULL),
(3382, 162, 34, '2024-05-27 13:46:02', '2024-05-27 13:46:02', NULL),
(3383, 162, 35, '2024-05-27 13:46:02', '2024-05-27 13:46:02', NULL),
(3384, 162, 36, '2024-05-27 13:46:02', '2024-05-27 13:46:02', NULL),
(3385, 162, 37, '2024-05-27 13:46:02', '2024-05-27 13:46:02', NULL),
(3386, 162, 38, '2024-05-27 13:46:02', '2024-05-27 13:46:02', NULL),
(3387, 162, 39, '2024-05-27 13:46:02', '2024-05-27 13:46:02', NULL),
(3388, 162, 40, '2024-05-27 13:46:02', '2024-05-27 13:46:02', NULL),
(3389, 162, 17, '2024-05-27 13:46:02', '2024-05-27 13:46:02', NULL),
(3390, 162, 18, '2024-05-27 13:46:02', '2024-05-27 13:46:02', NULL),
(3391, 162, 19, '2024-05-27 13:46:02', '2024-05-27 13:46:02', NULL),
(3392, 162, 20, '2024-05-27 13:46:02', '2024-05-27 13:46:02', NULL),
(3393, 163, 1, '2024-05-27 13:46:02', '2024-05-27 13:46:02', NULL),
(3394, 163, 2, '2024-05-27 13:46:02', '2024-05-27 13:46:02', NULL),
(3395, 163, 3, '2024-05-27 13:46:02', '2024-05-27 13:46:02', NULL),
(3396, 163, 4, '2024-05-27 13:46:02', '2024-05-27 13:46:02', NULL),
(3397, 163, 5, '2024-05-27 13:46:02', '2024-05-27 13:46:02', NULL),
(3398, 163, 6, '2024-05-27 13:46:02', '2024-05-27 13:46:02', NULL),
(3399, 163, 7, '2024-05-27 13:46:02', '2024-05-27 13:46:02', NULL),
(3400, 163, 8, '2024-05-27 13:46:02', '2024-05-27 13:46:02', NULL),
(3401, 163, 9, '2024-05-27 13:46:02', '2024-05-27 13:46:02', NULL),
(3402, 163, 10, '2024-05-27 13:46:02', '2024-05-27 13:46:02', NULL),
(3403, 163, 11, '2024-05-27 13:46:02', '2024-05-27 13:46:02', NULL),
(3404, 163, 12, '2024-05-27 13:46:02', '2024-05-27 13:46:02', NULL),
(3405, 163, 13, '2024-05-27 13:46:02', '2024-05-27 13:46:02', NULL),
(3406, 163, 14, '2024-05-27 13:46:02', '2024-05-27 13:46:02', NULL),
(3407, 163, 15, '2024-05-27 13:46:02', '2024-05-27 13:46:02', NULL),
(3408, 163, 16, '2024-05-27 13:46:02', '2024-05-27 13:46:02', NULL),
(3409, 163, 21, '2024-05-27 13:46:02', '2024-05-27 13:46:02', NULL),
(3410, 163, 22, '2024-05-27 13:46:02', '2024-05-27 13:46:02', NULL),
(3411, 163, 23, '2024-05-27 13:46:02', '2024-05-27 13:46:02', NULL),
(3412, 163, 24, '2024-05-27 13:46:02', '2024-05-27 13:46:02', NULL),
(3413, 163, 25, '2024-05-27 13:46:02', '2024-05-27 13:46:02', NULL),
(3414, 163, 26, '2024-05-27 13:46:02', '2024-05-27 13:46:02', NULL),
(3415, 163, 27, '2024-05-27 13:46:02', '2024-05-27 13:46:02', NULL),
(3416, 163, 28, '2024-05-27 13:46:02', '2024-05-27 13:46:02', NULL),
(3417, 163, 29, '2024-05-27 13:46:02', '2024-05-27 13:46:02', NULL),
(3418, 163, 30, '2024-05-27 13:46:02', '2024-05-27 13:46:02', NULL),
(3419, 163, 31, '2024-05-27 13:46:02', '2024-05-27 13:46:02', NULL),
(3420, 163, 32, '2024-05-27 13:46:02', '2024-05-27 13:46:02', NULL),
(3421, 163, 33, '2024-05-27 13:46:02', '2024-05-27 13:46:02', NULL),
(3422, 163, 34, '2024-05-27 13:46:02', '2024-05-27 13:46:02', NULL),
(3423, 163, 35, '2024-05-27 13:46:02', '2024-05-27 13:46:02', NULL),
(3424, 163, 36, '2024-05-27 13:46:02', '2024-05-27 13:46:02', NULL),
(3425, 163, 37, '2024-05-27 13:46:02', '2024-05-27 13:46:02', NULL),
(3426, 163, 38, '2024-05-27 13:46:02', '2024-05-27 13:46:02', NULL),
(3427, 163, 39, '2024-05-27 13:46:02', '2024-05-27 13:46:02', NULL),
(3428, 163, 40, '2024-05-27 13:46:02', '2024-05-27 13:46:02', NULL),
(3429, 163, 17, '2024-05-27 13:46:02', '2024-05-27 13:46:02', NULL),
(3430, 163, 18, '2024-05-27 13:46:02', '2024-05-27 13:46:02', NULL),
(3431, 163, 19, '2024-05-27 13:46:02', '2024-05-27 13:46:02', NULL),
(3432, 163, 20, '2024-05-27 13:46:02', '2024-05-27 13:46:02', NULL),
(3433, 164, 1, '2024-05-27 13:48:59', '2024-05-27 13:48:59', NULL),
(3434, 164, 2, '2024-05-27 13:48:59', '2024-05-27 13:48:59', NULL),
(3435, 164, 3, '2024-05-27 13:48:59', '2024-05-27 13:48:59', NULL),
(3436, 164, 4, '2024-05-27 13:48:59', '2024-05-27 13:48:59', NULL),
(3437, 164, 5, '2024-05-27 13:48:59', '2024-05-27 13:48:59', NULL),
(3438, 164, 6, '2024-05-27 13:48:59', '2024-05-27 13:48:59', NULL),
(3439, 164, 7, '2024-05-27 13:48:59', '2024-05-27 13:48:59', NULL),
(3440, 164, 8, '2024-05-27 13:48:59', '2024-05-27 13:48:59', NULL),
(3441, 164, 9, '2024-05-27 13:48:59', '2024-05-27 13:48:59', NULL),
(3442, 164, 10, '2024-05-27 13:48:59', '2024-05-27 13:48:59', NULL),
(3443, 164, 11, '2024-05-27 13:48:59', '2024-05-27 13:48:59', NULL),
(3444, 164, 12, '2024-05-27 13:48:59', '2024-05-27 13:48:59', NULL),
(3445, 164, 13, '2024-05-27 13:48:59', '2024-05-27 13:48:59', NULL),
(3446, 164, 14, '2024-05-27 13:48:59', '2024-05-27 13:48:59', NULL),
(3447, 164, 15, '2024-05-27 13:48:59', '2024-05-27 13:48:59', NULL),
(3448, 164, 16, '2024-05-27 13:48:59', '2024-05-27 13:48:59', NULL),
(3449, 164, 17, '2024-05-27 13:48:59', '2024-05-27 13:48:59', NULL),
(3450, 164, 18, '2024-05-27 13:48:59', '2024-05-27 13:48:59', NULL),
(3451, 164, 19, '2024-05-27 13:48:59', '2024-05-27 13:48:59', NULL),
(3452, 164, 20, '2024-05-27 13:48:59', '2024-05-27 13:48:59', NULL),
(3453, 165, 1, '2024-05-27 13:48:59', '2024-05-27 13:48:59', NULL),
(3454, 165, 2, '2024-05-27 13:48:59', '2024-05-27 13:48:59', NULL),
(3455, 165, 3, '2024-05-27 13:48:59', '2024-05-27 13:48:59', NULL),
(3456, 165, 4, '2024-05-27 13:48:59', '2024-05-27 13:48:59', NULL),
(3457, 165, 5, '2024-05-27 13:48:59', '2024-05-27 13:48:59', NULL),
(3458, 165, 6, '2024-05-27 13:48:59', '2024-05-27 13:48:59', NULL),
(3459, 165, 7, '2024-05-27 13:48:59', '2024-05-27 13:48:59', NULL),
(3460, 165, 8, '2024-05-27 13:48:59', '2024-05-27 13:48:59', NULL),
(3461, 165, 9, '2024-05-27 13:48:59', '2024-05-27 13:48:59', NULL),
(3462, 165, 10, '2024-05-27 13:48:59', '2024-05-27 13:48:59', NULL),
(3463, 165, 11, '2024-05-27 13:48:59', '2024-05-27 13:48:59', NULL),
(3464, 165, 12, '2024-05-27 13:48:59', '2024-05-27 13:48:59', NULL),
(3465, 165, 13, '2024-05-27 13:48:59', '2024-05-27 13:48:59', NULL),
(3466, 165, 14, '2024-05-27 13:48:59', '2024-05-27 13:48:59', NULL),
(3467, 165, 15, '2024-05-27 13:48:59', '2024-05-27 13:48:59', NULL),
(3468, 165, 16, '2024-05-27 13:48:59', '2024-05-27 13:48:59', NULL),
(3469, 166, 1, '2024-05-27 13:48:59', '2024-05-27 13:48:59', NULL),
(3470, 166, 2, '2024-05-27 13:48:59', '2024-05-27 13:48:59', NULL),
(3471, 166, 3, '2024-05-27 13:48:59', '2024-05-27 13:48:59', NULL),
(3472, 166, 4, '2024-05-27 13:48:59', '2024-05-27 13:48:59', NULL),
(3473, 166, 5, '2024-05-27 13:48:59', '2024-05-27 13:48:59', NULL),
(3474, 166, 6, '2024-05-27 13:48:59', '2024-05-27 13:48:59', NULL),
(3475, 166, 7, '2024-05-27 13:48:59', '2024-05-27 13:48:59', NULL),
(3476, 166, 8, '2024-05-27 13:48:59', '2024-05-27 13:48:59', NULL),
(3477, 166, 9, '2024-05-27 13:48:59', '2024-05-27 13:48:59', NULL),
(3478, 166, 10, '2024-05-27 13:48:59', '2024-05-27 13:48:59', NULL),
(3479, 166, 11, '2024-05-27 13:48:59', '2024-05-27 13:48:59', NULL),
(3480, 166, 12, '2024-05-27 13:48:59', '2024-05-27 13:48:59', NULL),
(3481, 166, 13, '2024-05-27 13:48:59', '2024-05-27 13:48:59', NULL),
(3482, 166, 14, '2024-05-27 13:48:59', '2024-05-27 13:48:59', NULL),
(3483, 166, 15, '2024-05-27 13:48:59', '2024-05-27 13:48:59', NULL),
(3484, 166, 16, '2024-05-27 13:48:59', '2024-05-27 13:48:59', NULL),
(3485, 167, 1, '2024-05-27 13:48:59', '2024-05-27 13:48:59', NULL),
(3486, 167, 2, '2024-05-27 13:48:59', '2024-05-27 13:48:59', NULL),
(3487, 167, 3, '2024-05-27 13:48:59', '2024-05-27 13:48:59', NULL),
(3488, 167, 4, '2024-05-27 13:48:59', '2024-05-27 13:48:59', NULL),
(3489, 167, 5, '2024-05-27 13:48:59', '2024-05-27 13:48:59', NULL),
(3490, 167, 6, '2024-05-27 13:48:59', '2024-05-27 13:48:59', NULL),
(3491, 167, 7, '2024-05-27 13:48:59', '2024-05-27 13:48:59', NULL),
(3492, 167, 8, '2024-05-27 13:48:59', '2024-05-27 13:48:59', NULL),
(3493, 167, 9, '2024-05-27 13:48:59', '2024-05-27 13:48:59', NULL),
(3494, 167, 10, '2024-05-27 13:48:59', '2024-05-27 13:48:59', NULL),
(3495, 167, 11, '2024-05-27 13:48:59', '2024-05-27 13:48:59', NULL),
(3496, 167, 12, '2024-05-27 13:48:59', '2024-05-27 13:48:59', NULL),
(3497, 167, 13, '2024-05-27 13:48:59', '2024-05-27 13:48:59', NULL),
(3498, 167, 14, '2024-05-27 13:48:59', '2024-05-27 13:48:59', NULL),
(3499, 167, 15, '2024-05-27 13:48:59', '2024-05-27 13:48:59', NULL),
(3500, 167, 16, '2024-05-27 13:48:59', '2024-05-27 13:48:59', NULL),
(3501, 168, 1, '2024-05-27 13:48:59', '2024-05-27 13:48:59', NULL),
(3502, 168, 2, '2024-05-27 13:48:59', '2024-05-27 13:48:59', NULL),
(3503, 168, 3, '2024-05-27 13:48:59', '2024-05-27 13:48:59', NULL),
(3504, 168, 4, '2024-05-27 13:48:59', '2024-05-27 13:48:59', NULL),
(3505, 168, 5, '2024-05-27 13:48:59', '2024-05-27 13:48:59', NULL),
(3506, 168, 6, '2024-05-27 13:48:59', '2024-05-27 13:48:59', NULL),
(3507, 168, 7, '2024-05-27 13:48:59', '2024-05-27 13:48:59', NULL),
(3508, 168, 8, '2024-05-27 13:48:59', '2024-05-27 13:48:59', NULL),
(3509, 168, 9, '2024-05-27 13:48:59', '2024-05-27 13:48:59', NULL),
(3510, 168, 10, '2024-05-27 13:48:59', '2024-05-27 13:48:59', NULL),
(3511, 168, 11, '2024-05-27 13:48:59', '2024-05-27 13:48:59', NULL),
(3512, 168, 12, '2024-05-27 13:48:59', '2024-05-27 13:48:59', NULL),
(3513, 168, 13, '2024-05-27 13:48:59', '2024-05-27 13:48:59', NULL),
(3514, 168, 14, '2024-05-27 13:48:59', '2024-05-27 13:48:59', NULL),
(3515, 168, 15, '2024-05-27 13:48:59', '2024-05-27 13:48:59', NULL),
(3516, 168, 16, '2024-05-27 13:48:59', '2024-05-27 13:48:59', NULL),
(3517, 169, 1, '2024-05-27 13:49:36', '2024-05-27 13:49:36', NULL),
(3518, 169, 2, '2024-05-27 13:49:36', '2024-05-27 13:49:36', NULL),
(3519, 169, 3, '2024-05-27 13:49:36', '2024-05-27 13:49:36', NULL),
(3520, 169, 4, '2024-05-27 13:49:36', '2024-05-27 13:49:36', NULL),
(3521, 169, 5, '2024-05-27 13:49:36', '2024-05-27 13:49:36', NULL),
(3522, 169, 6, '2024-05-27 13:49:36', '2024-05-27 13:49:36', NULL),
(3523, 169, 7, '2024-05-27 13:49:36', '2024-05-27 13:49:36', NULL),
(3524, 169, 8, '2024-05-27 13:49:36', '2024-05-27 13:49:36', NULL),
(3525, 169, 9, '2024-05-27 13:49:36', '2024-05-27 13:49:36', NULL),
(3526, 169, 10, '2024-05-27 13:49:36', '2024-05-27 13:49:36', NULL),
(3527, 169, 11, '2024-05-27 13:49:36', '2024-05-27 13:49:36', NULL),
(3528, 169, 12, '2024-05-27 13:49:36', '2024-05-27 13:49:36', NULL),
(3529, 169, 13, '2024-05-27 13:49:36', '2024-05-27 13:49:36', NULL),
(3530, 169, 14, '2024-05-27 13:49:36', '2024-05-27 13:49:36', NULL),
(3531, 169, 15, '2024-05-27 13:49:36', '2024-05-27 13:49:36', NULL),
(3532, 169, 16, '2024-05-27 13:49:36', '2024-05-27 13:49:36', NULL),
(3533, 170, 1, '2024-05-27 13:49:36', '2024-05-27 13:49:36', NULL),
(3534, 170, 2, '2024-05-27 13:49:36', '2024-05-27 13:49:36', NULL),
(3535, 170, 3, '2024-05-27 13:49:36', '2024-05-27 13:49:36', NULL),
(3536, 170, 4, '2024-05-27 13:49:36', '2024-05-27 13:49:36', NULL),
(3537, 170, 5, '2024-05-27 13:49:36', '2024-05-27 13:49:36', NULL),
(3538, 170, 6, '2024-05-27 13:49:36', '2024-05-27 13:49:36', NULL),
(3539, 170, 7, '2024-05-27 13:49:36', '2024-05-27 13:49:36', NULL),
(3540, 170, 8, '2024-05-27 13:49:36', '2024-05-27 13:49:36', NULL),
(3541, 170, 9, '2024-05-27 13:49:36', '2024-05-27 13:49:36', NULL),
(3542, 170, 10, '2024-05-27 13:49:36', '2024-05-27 13:49:36', NULL),
(3543, 170, 11, '2024-05-27 13:49:36', '2024-05-27 13:49:36', NULL),
(3544, 170, 12, '2024-05-27 13:49:36', '2024-05-27 13:49:36', NULL),
(3545, 170, 13, '2024-05-27 13:49:36', '2024-05-27 13:49:36', NULL),
(3546, 170, 14, '2024-05-27 13:49:36', '2024-05-27 13:49:36', NULL),
(3547, 170, 15, '2024-05-27 13:49:36', '2024-05-27 13:49:36', NULL),
(3548, 170, 16, '2024-05-27 13:49:36', '2024-05-27 13:49:36', NULL),
(3549, 171, 1, '2024-05-27 13:49:36', '2024-05-27 13:49:36', NULL),
(3550, 171, 2, '2024-05-27 13:49:36', '2024-05-27 13:49:36', NULL),
(3551, 171, 3, '2024-05-27 13:49:36', '2024-05-27 13:49:36', NULL),
(3552, 171, 4, '2024-05-27 13:49:36', '2024-05-27 13:49:36', NULL),
(3553, 171, 5, '2024-05-27 13:49:36', '2024-05-27 13:49:36', NULL),
(3554, 171, 6, '2024-05-27 13:49:36', '2024-05-27 13:49:36', NULL),
(3555, 171, 7, '2024-05-27 13:49:36', '2024-05-27 13:49:36', NULL),
(3556, 171, 8, '2024-05-27 13:49:36', '2024-05-27 13:49:36', NULL),
(3557, 171, 9, '2024-05-27 13:49:36', '2024-05-27 13:49:36', NULL),
(3558, 171, 10, '2024-05-27 13:49:36', '2024-05-27 13:49:36', NULL),
(3559, 171, 11, '2024-05-27 13:49:36', '2024-05-27 13:49:36', NULL),
(3560, 171, 12, '2024-05-27 13:49:36', '2024-05-27 13:49:36', NULL),
(3561, 171, 13, '2024-05-27 13:49:36', '2024-05-27 13:49:36', NULL),
(3562, 171, 14, '2024-05-27 13:49:36', '2024-05-27 13:49:36', NULL),
(3563, 171, 15, '2024-05-27 13:49:36', '2024-05-27 13:49:36', NULL),
(3564, 171, 16, '2024-05-27 13:49:36', '2024-05-27 13:49:36', NULL),
(3565, 172, 1, '2024-05-27 13:49:36', '2024-05-27 13:49:36', NULL),
(3566, 172, 2, '2024-05-27 13:49:36', '2024-05-27 13:49:36', NULL),
(3567, 172, 3, '2024-05-27 13:49:36', '2024-05-27 13:49:36', NULL),
(3568, 172, 4, '2024-05-27 13:49:36', '2024-05-27 13:49:36', NULL),
(3569, 172, 5, '2024-05-27 13:49:36', '2024-05-27 13:49:36', NULL),
(3570, 172, 6, '2024-05-27 13:49:36', '2024-05-27 13:49:36', NULL),
(3571, 172, 7, '2024-05-27 13:49:36', '2024-05-27 13:49:36', NULL),
(3572, 172, 8, '2024-05-27 13:49:36', '2024-05-27 13:49:36', NULL),
(3573, 172, 9, '2024-05-27 13:49:36', '2024-05-27 13:49:36', NULL),
(3574, 172, 10, '2024-05-27 13:49:36', '2024-05-27 13:49:36', NULL),
(3575, 172, 11, '2024-05-27 13:49:36', '2024-05-27 13:49:36', NULL),
(3576, 172, 12, '2024-05-27 13:49:36', '2024-05-27 13:49:36', NULL),
(3577, 172, 13, '2024-05-27 13:49:36', '2024-05-27 13:49:36', NULL),
(3578, 172, 14, '2024-05-27 13:49:36', '2024-05-27 13:49:36', NULL),
(3579, 172, 15, '2024-05-27 13:49:36', '2024-05-27 13:49:36', NULL),
(3580, 172, 16, '2024-05-27 13:49:36', '2024-05-27 13:49:36', NULL),
(3581, 173, 1, '2024-05-27 13:49:36', '2024-05-27 13:49:36', NULL),
(3582, 173, 2, '2024-05-27 13:49:36', '2024-05-27 13:49:36', NULL),
(3583, 173, 3, '2024-05-27 13:49:36', '2024-05-27 13:49:36', NULL),
(3584, 173, 4, '2024-05-27 13:49:36', '2024-05-27 13:49:36', NULL),
(3585, 173, 5, '2024-05-27 13:49:36', '2024-05-27 13:49:36', NULL),
(3586, 173, 6, '2024-05-27 13:49:36', '2024-05-27 13:49:36', NULL),
(3587, 173, 7, '2024-05-27 13:49:36', '2024-05-27 13:49:36', NULL),
(3588, 173, 8, '2024-05-27 13:49:36', '2024-05-27 13:49:36', NULL),
(3589, 173, 9, '2024-05-27 13:49:36', '2024-05-27 13:49:36', NULL),
(3590, 173, 10, '2024-05-27 13:49:36', '2024-05-27 13:49:36', NULL),
(3591, 173, 11, '2024-05-27 13:49:36', '2024-05-27 13:49:36', NULL),
(3592, 173, 12, '2024-05-27 13:49:36', '2024-05-27 13:49:36', NULL),
(3593, 173, 13, '2024-05-27 13:49:36', '2024-05-27 13:49:36', NULL),
(3594, 173, 14, '2024-05-27 13:49:36', '2024-05-27 13:49:36', NULL),
(3595, 173, 15, '2024-05-27 13:49:36', '2024-05-27 13:49:36', NULL),
(3596, 173, 16, '2024-05-27 13:49:36', '2024-05-27 13:49:36', NULL),
(3597, 174, 1, '2024-05-27 13:50:35', '2024-05-27 13:50:35', NULL),
(3598, 174, 2, '2024-05-27 13:50:35', '2024-05-27 13:50:35', NULL),
(3599, 174, 3, '2024-05-27 13:50:35', '2024-05-27 13:50:35', NULL),
(3600, 174, 4, '2024-05-27 13:50:35', '2024-05-27 13:50:35', NULL),
(3601, 174, 5, '2024-05-27 13:50:35', '2024-05-27 13:50:35', NULL),
(3602, 174, 6, '2024-05-27 13:50:35', '2024-05-27 13:50:35', NULL),
(3603, 174, 7, '2024-05-27 13:50:35', '2024-05-27 13:50:35', NULL),
(3604, 174, 8, '2024-05-27 13:50:35', '2024-05-27 13:50:35', NULL),
(3605, 174, 9, '2024-05-27 13:50:35', '2024-05-27 13:50:35', NULL),
(3606, 174, 10, '2024-05-27 13:50:35', '2024-05-27 13:50:35', NULL),
(3607, 174, 11, '2024-05-27 13:50:35', '2024-05-27 13:50:35', NULL),
(3608, 174, 12, '2024-05-27 13:50:35', '2024-05-27 13:50:35', NULL),
(3609, 174, 13, '2024-05-27 13:50:35', '2024-05-27 13:50:35', NULL),
(3610, 174, 14, '2024-05-27 13:50:35', '2024-05-27 13:50:35', NULL),
(3611, 174, 15, '2024-05-27 13:50:35', '2024-05-27 13:50:35', NULL),
(3612, 174, 16, '2024-05-27 13:50:35', '2024-05-27 13:50:35', NULL);
INSERT INTO `doctor_schedule_joins` (`id`, `doctor_schedule_day_id`, `doctor_schedule_hour_id`, `created_at`, `updated_at`, `deleted_at`) VALUES
(3613, 175, 1, '2024-05-27 13:50:35', '2024-05-27 13:50:35', NULL),
(3614, 175, 2, '2024-05-27 13:50:35', '2024-05-27 13:50:35', NULL),
(3615, 175, 3, '2024-05-27 13:50:35', '2024-05-27 13:50:35', NULL),
(3616, 175, 4, '2024-05-27 13:50:35', '2024-05-27 13:50:35', NULL),
(3617, 175, 5, '2024-05-27 13:50:35', '2024-05-27 13:50:35', NULL),
(3618, 175, 6, '2024-05-27 13:50:35', '2024-05-27 13:50:35', NULL),
(3619, 175, 7, '2024-05-27 13:50:35', '2024-05-27 13:50:35', NULL),
(3620, 175, 8, '2024-05-27 13:50:35', '2024-05-27 13:50:35', NULL),
(3621, 175, 9, '2024-05-27 13:50:35', '2024-05-27 13:50:35', NULL),
(3622, 175, 10, '2024-05-27 13:50:35', '2024-05-27 13:50:35', NULL),
(3623, 175, 11, '2024-05-27 13:50:35', '2024-05-27 13:50:35', NULL),
(3624, 175, 12, '2024-05-27 13:50:35', '2024-05-27 13:50:35', NULL),
(3625, 175, 13, '2024-05-27 13:50:35', '2024-05-27 13:50:35', NULL),
(3626, 175, 14, '2024-05-27 13:50:35', '2024-05-27 13:50:35', NULL),
(3627, 175, 15, '2024-05-27 13:50:35', '2024-05-27 13:50:35', NULL),
(3628, 175, 16, '2024-05-27 13:50:35', '2024-05-27 13:50:35', NULL),
(3629, 176, 1, '2024-05-27 13:50:35', '2024-05-27 13:50:35', NULL),
(3630, 176, 2, '2024-05-27 13:50:35', '2024-05-27 13:50:35', NULL),
(3631, 176, 3, '2024-05-27 13:50:35', '2024-05-27 13:50:35', NULL),
(3632, 176, 4, '2024-05-27 13:50:35', '2024-05-27 13:50:35', NULL),
(3633, 176, 5, '2024-05-27 13:50:35', '2024-05-27 13:50:35', NULL),
(3634, 176, 6, '2024-05-27 13:50:35', '2024-05-27 13:50:35', NULL),
(3635, 176, 7, '2024-05-27 13:50:35', '2024-05-27 13:50:35', NULL),
(3636, 176, 8, '2024-05-27 13:50:35', '2024-05-27 13:50:35', NULL),
(3637, 176, 9, '2024-05-27 13:50:35', '2024-05-27 13:50:35', NULL),
(3638, 176, 10, '2024-05-27 13:50:35', '2024-05-27 13:50:35', NULL),
(3639, 176, 11, '2024-05-27 13:50:35', '2024-05-27 13:50:35', NULL),
(3640, 176, 12, '2024-05-27 13:50:35', '2024-05-27 13:50:35', NULL),
(3641, 176, 13, '2024-05-27 13:50:35', '2024-05-27 13:50:35', NULL),
(3642, 176, 14, '2024-05-27 13:50:35', '2024-05-27 13:50:35', NULL),
(3643, 176, 15, '2024-05-27 13:50:35', '2024-05-27 13:50:35', NULL),
(3644, 176, 16, '2024-05-27 13:50:35', '2024-05-27 13:50:35', NULL),
(3645, 177, 1, '2024-05-27 13:50:35', '2024-05-27 13:50:35', NULL),
(3646, 177, 2, '2024-05-27 13:50:35', '2024-05-27 13:50:35', NULL),
(3647, 177, 3, '2024-05-27 13:50:35', '2024-05-27 13:50:35', NULL),
(3648, 177, 4, '2024-05-27 13:50:35', '2024-05-27 13:50:35', NULL),
(3649, 177, 5, '2024-05-27 13:50:35', '2024-05-27 13:50:35', NULL),
(3650, 177, 6, '2024-05-27 13:50:35', '2024-05-27 13:50:35', NULL),
(3651, 177, 7, '2024-05-27 13:50:35', '2024-05-27 13:50:35', NULL),
(3652, 177, 8, '2024-05-27 13:50:35', '2024-05-27 13:50:35', NULL),
(3653, 177, 9, '2024-05-27 13:50:35', '2024-05-27 13:50:35', NULL),
(3654, 177, 10, '2024-05-27 13:50:35', '2024-05-27 13:50:35', NULL),
(3655, 177, 11, '2024-05-27 13:50:35', '2024-05-27 13:50:35', NULL),
(3656, 177, 12, '2024-05-27 13:50:35', '2024-05-27 13:50:35', NULL),
(3657, 177, 13, '2024-05-27 13:50:35', '2024-05-27 13:50:35', NULL),
(3658, 177, 14, '2024-05-27 13:50:35', '2024-05-27 13:50:35', NULL),
(3659, 177, 15, '2024-05-27 13:50:35', '2024-05-27 13:50:35', NULL),
(3660, 177, 16, '2024-05-27 13:50:35', '2024-05-27 13:50:35', NULL),
(3661, 178, 1, '2024-05-27 13:50:35', '2024-05-27 13:50:35', NULL),
(3662, 178, 2, '2024-05-27 13:50:35', '2024-05-27 13:50:35', NULL),
(3663, 178, 3, '2024-05-27 13:50:35', '2024-05-27 13:50:35', NULL),
(3664, 178, 4, '2024-05-27 13:50:35', '2024-05-27 13:50:35', NULL),
(3665, 178, 5, '2024-05-27 13:50:35', '2024-05-27 13:50:35', NULL),
(3666, 178, 6, '2024-05-27 13:50:35', '2024-05-27 13:50:35', NULL),
(3667, 178, 7, '2024-05-27 13:50:35', '2024-05-27 13:50:35', NULL),
(3668, 178, 8, '2024-05-27 13:50:35', '2024-05-27 13:50:35', NULL),
(3669, 178, 9, '2024-05-27 13:50:35', '2024-05-27 13:50:35', NULL),
(3670, 178, 10, '2024-05-27 13:50:35', '2024-05-27 13:50:35', NULL),
(3671, 178, 11, '2024-05-27 13:50:35', '2024-05-27 13:50:35', NULL),
(3672, 178, 12, '2024-05-27 13:50:35', '2024-05-27 13:50:35', NULL),
(3673, 178, 13, '2024-05-27 13:50:35', '2024-05-27 13:50:35', NULL),
(3674, 178, 14, '2024-05-27 13:50:35', '2024-05-27 13:50:35', NULL),
(3675, 178, 15, '2024-05-27 13:50:35', '2024-05-27 13:50:35', NULL),
(3676, 178, 16, '2024-05-27 13:50:35', '2024-05-27 13:50:35', NULL),
(3677, 179, 1, '2024-05-27 14:44:59', '2024-05-27 14:44:59', NULL),
(3678, 179, 2, '2024-05-27 14:44:59', '2024-05-27 14:44:59', NULL),
(3679, 179, 3, '2024-05-27 14:44:59', '2024-05-27 14:44:59', NULL),
(3680, 179, 4, '2024-05-27 14:44:59', '2024-05-27 14:44:59', NULL),
(3681, 179, 5, '2024-05-27 14:44:59', '2024-05-27 14:44:59', NULL),
(3682, 179, 6, '2024-05-27 14:44:59', '2024-05-27 14:44:59', NULL),
(3683, 179, 7, '2024-05-27 14:44:59', '2024-05-27 14:44:59', NULL),
(3684, 179, 8, '2024-05-27 14:44:59', '2024-05-27 14:44:59', NULL),
(3685, 179, 9, '2024-05-27 14:44:59', '2024-05-27 14:44:59', NULL),
(3686, 179, 10, '2024-05-27 14:44:59', '2024-05-27 14:44:59', NULL),
(3687, 179, 11, '2024-05-27 14:44:59', '2024-05-27 14:44:59', NULL),
(3688, 179, 12, '2024-05-27 14:44:59', '2024-05-27 14:44:59', NULL),
(3689, 179, 17, '2024-05-27 14:44:59', '2024-05-27 14:44:59', NULL),
(3690, 179, 18, '2024-05-27 14:44:59', '2024-05-27 14:44:59', NULL),
(3691, 179, 19, '2024-05-27 14:44:59', '2024-05-27 14:44:59', NULL),
(3692, 179, 20, '2024-05-27 14:44:59', '2024-05-27 14:44:59', NULL),
(3693, 179, 21, '2024-05-27 14:44:59', '2024-05-27 14:44:59', NULL),
(3694, 179, 22, '2024-05-27 14:44:59', '2024-05-27 14:44:59', NULL),
(3695, 179, 23, '2024-05-27 14:44:59', '2024-05-27 14:44:59', NULL),
(3696, 179, 24, '2024-05-27 14:44:59', '2024-05-27 14:44:59', NULL),
(3697, 179, 29, '2024-05-27 14:44:59', '2024-05-27 14:44:59', NULL),
(3698, 179, 30, '2024-05-27 14:44:59', '2024-05-27 14:44:59', NULL),
(3699, 179, 31, '2024-05-27 14:44:59', '2024-05-27 14:44:59', NULL),
(3700, 179, 32, '2024-05-27 14:44:59', '2024-05-27 14:44:59', NULL),
(3701, 179, 33, '2024-05-27 14:44:59', '2024-05-27 14:44:59', NULL),
(3702, 179, 34, '2024-05-27 14:44:59', '2024-05-27 14:44:59', NULL),
(3703, 179, 35, '2024-05-27 14:44:59', '2024-05-27 14:44:59', NULL),
(3704, 179, 36, '2024-05-27 14:44:59', '2024-05-27 14:44:59', NULL),
(3705, 179, 37, '2024-05-27 14:44:59', '2024-05-27 14:44:59', NULL),
(3706, 179, 38, '2024-05-27 14:44:59', '2024-05-27 14:44:59', NULL),
(3707, 179, 39, '2024-05-27 14:44:59', '2024-05-27 14:44:59', NULL),
(3708, 179, 40, '2024-05-27 14:44:59', '2024-05-27 14:44:59', NULL),
(3709, 180, 1, '2024-05-27 16:09:27', '2024-05-27 16:09:27', NULL),
(3710, 180, 2, '2024-05-27 16:09:27', '2024-05-27 16:09:27', NULL),
(3711, 180, 3, '2024-05-27 16:09:27', '2024-05-27 16:09:27', NULL),
(3712, 180, 4, '2024-05-27 16:09:27', '2024-05-27 16:09:27', NULL),
(3713, 180, 5, '2024-05-27 16:09:27', '2024-05-27 16:09:27', NULL),
(3714, 180, 6, '2024-05-27 16:09:27', '2024-05-27 16:09:27', NULL),
(3715, 180, 7, '2024-05-27 16:09:27', '2024-05-27 16:09:27', NULL),
(3716, 180, 8, '2024-05-27 16:09:27', '2024-05-27 16:09:27', NULL),
(3717, 180, 9, '2024-05-27 16:09:27', '2024-05-27 16:09:27', NULL),
(3718, 180, 10, '2024-05-27 16:09:27', '2024-05-27 16:09:27', NULL),
(3719, 180, 11, '2024-05-27 16:09:27', '2024-05-27 16:09:27', NULL),
(3720, 180, 12, '2024-05-27 16:09:27', '2024-05-27 16:09:27', NULL),
(3721, 180, 17, '2024-05-27 16:09:27', '2024-05-27 16:09:27', NULL),
(3722, 180, 18, '2024-05-27 16:09:27', '2024-05-27 16:09:27', NULL),
(3723, 180, 19, '2024-05-27 16:09:27', '2024-05-27 16:09:27', NULL),
(3724, 180, 20, '2024-05-27 16:09:27', '2024-05-27 16:09:27', NULL),
(3725, 180, 21, '2024-05-27 16:09:27', '2024-05-27 16:09:27', NULL),
(3726, 180, 22, '2024-05-27 16:09:27', '2024-05-27 16:09:27', NULL),
(3727, 180, 23, '2024-05-27 16:09:27', '2024-05-27 16:09:27', NULL),
(3728, 180, 24, '2024-05-27 16:09:27', '2024-05-27 16:09:27', NULL),
(3729, 180, 29, '2024-05-27 16:09:27', '2024-05-27 16:09:27', NULL),
(3730, 180, 30, '2024-05-27 16:09:27', '2024-05-27 16:09:27', NULL),
(3731, 180, 31, '2024-05-27 16:09:27', '2024-05-27 16:09:27', NULL),
(3732, 180, 32, '2024-05-27 16:09:27', '2024-05-27 16:09:27', NULL),
(3733, 180, 33, '2024-05-27 16:09:27', '2024-05-27 16:09:27', NULL),
(3734, 180, 34, '2024-05-27 16:09:27', '2024-05-27 16:09:27', NULL),
(3735, 180, 35, '2024-05-27 16:09:27', '2024-05-27 16:09:27', NULL),
(3736, 180, 36, '2024-05-27 16:09:27', '2024-05-27 16:09:27', NULL),
(3737, 180, 37, '2024-05-27 16:09:27', '2024-05-27 16:09:27', NULL),
(3738, 180, 38, '2024-05-27 16:09:27', '2024-05-27 16:09:27', NULL),
(3739, 180, 39, '2024-05-27 16:09:27', '2024-05-27 16:09:27', NULL),
(3740, 180, 40, '2024-05-27 16:09:27', '2024-05-27 16:09:27', NULL),
(3741, 181, 1, '2024-05-28 09:58:32', '2024-05-28 09:58:32', NULL),
(3742, 181, 2, '2024-05-28 09:58:32', '2024-05-28 09:58:32', NULL),
(3743, 181, 3, '2024-05-28 09:58:32', '2024-05-28 09:58:32', NULL),
(3744, 181, 4, '2024-05-28 09:58:32', '2024-05-28 09:58:32', NULL),
(3745, 181, 5, '2024-05-28 09:58:32', '2024-05-28 09:58:32', NULL),
(3746, 181, 6, '2024-05-28 09:58:32', '2024-05-28 09:58:32', NULL),
(3747, 181, 7, '2024-05-28 09:58:32', '2024-05-28 09:58:32', NULL),
(3748, 181, 8, '2024-05-28 09:58:32', '2024-05-28 09:58:32', NULL),
(3749, 181, 9, '2024-05-28 09:58:32', '2024-05-28 09:58:32', NULL),
(3750, 181, 10, '2024-05-28 09:58:32', '2024-05-28 09:58:32', NULL),
(3751, 181, 11, '2024-05-28 09:58:32', '2024-05-28 09:58:32', NULL),
(3752, 181, 12, '2024-05-28 09:58:32', '2024-05-28 09:58:32', NULL),
(3753, 181, 13, '2024-05-28 09:58:32', '2024-05-28 09:58:32', NULL),
(3754, 181, 14, '2024-05-28 09:58:32', '2024-05-28 09:58:32', NULL),
(3755, 181, 15, '2024-05-28 09:58:32', '2024-05-28 09:58:32', NULL),
(3756, 181, 16, '2024-05-28 09:58:32', '2024-05-28 09:58:32', NULL),
(3757, 181, 21, '2024-05-28 09:58:32', '2024-05-28 09:58:32', NULL),
(3758, 181, 22, '2024-05-28 09:58:32', '2024-05-28 09:58:32', NULL),
(3759, 181, 23, '2024-05-28 09:58:32', '2024-05-28 09:58:32', NULL),
(3760, 181, 24, '2024-05-28 09:58:32', '2024-05-28 09:58:32', NULL),
(3761, 181, 25, '2024-05-28 09:58:32', '2024-05-28 09:58:32', NULL),
(3762, 181, 26, '2024-05-28 09:58:32', '2024-05-28 09:58:32', NULL),
(3763, 181, 27, '2024-05-28 09:58:32', '2024-05-28 09:58:32', NULL),
(3764, 181, 28, '2024-05-28 09:58:32', '2024-05-28 09:58:32', NULL),
(3765, 181, 29, '2024-05-28 09:58:32', '2024-05-28 09:58:32', NULL),
(3766, 181, 30, '2024-05-28 09:58:32', '2024-05-28 09:58:32', NULL),
(3767, 181, 31, '2024-05-28 09:58:32', '2024-05-28 09:58:32', NULL),
(3768, 181, 32, '2024-05-28 09:58:32', '2024-05-28 09:58:32', NULL),
(3769, 181, 33, '2024-05-28 09:58:32', '2024-05-28 09:58:32', NULL),
(3770, 181, 34, '2024-05-28 09:58:32', '2024-05-28 09:58:32', NULL),
(3771, 181, 35, '2024-05-28 09:58:32', '2024-05-28 09:58:32', NULL),
(3772, 181, 36, '2024-05-28 09:58:32', '2024-05-28 09:58:32', NULL),
(3773, 181, 37, '2024-05-28 09:58:32', '2024-05-28 09:58:32', NULL),
(3774, 181, 38, '2024-05-28 09:58:32', '2024-05-28 09:58:32', NULL),
(3775, 181, 39, '2024-05-28 09:58:32', '2024-05-28 09:58:32', NULL),
(3776, 181, 40, '2024-05-28 09:58:32', '2024-05-28 09:58:32', NULL),
(3777, 181, 17, '2024-05-28 09:58:32', '2024-05-28 09:58:32', NULL),
(3778, 181, 18, '2024-05-28 09:58:32', '2024-05-28 09:58:32', NULL),
(3779, 181, 19, '2024-05-28 09:58:32', '2024-05-28 09:58:32', NULL),
(3780, 181, 20, '2024-05-28 09:58:32', '2024-05-28 09:58:32', NULL),
(3781, 182, 1, '2024-05-28 09:58:32', '2024-05-28 09:58:32', NULL),
(3782, 182, 2, '2024-05-28 09:58:32', '2024-05-28 09:58:32', NULL),
(3783, 182, 3, '2024-05-28 09:58:32', '2024-05-28 09:58:32', NULL),
(3784, 182, 4, '2024-05-28 09:58:32', '2024-05-28 09:58:32', NULL),
(3785, 182, 5, '2024-05-28 09:58:32', '2024-05-28 09:58:32', NULL),
(3786, 182, 6, '2024-05-28 09:58:32', '2024-05-28 09:58:32', NULL),
(3787, 182, 7, '2024-05-28 09:58:32', '2024-05-28 09:58:32', NULL),
(3788, 182, 8, '2024-05-28 09:58:32', '2024-05-28 09:58:32', NULL),
(3789, 182, 9, '2024-05-28 09:58:32', '2024-05-28 09:58:32', NULL),
(3790, 182, 10, '2024-05-28 09:58:32', '2024-05-28 09:58:32', NULL),
(3791, 182, 11, '2024-05-28 09:58:32', '2024-05-28 09:58:32', NULL),
(3792, 182, 12, '2024-05-28 09:58:32', '2024-05-28 09:58:32', NULL),
(3793, 182, 13, '2024-05-28 09:58:32', '2024-05-28 09:58:32', NULL),
(3794, 182, 14, '2024-05-28 09:58:32', '2024-05-28 09:58:32', NULL),
(3795, 182, 15, '2024-05-28 09:58:32', '2024-05-28 09:58:32', NULL),
(3796, 182, 16, '2024-05-28 09:58:32', '2024-05-28 09:58:32', NULL),
(3797, 182, 21, '2024-05-28 09:58:32', '2024-05-28 09:58:32', NULL),
(3798, 182, 22, '2024-05-28 09:58:32', '2024-05-28 09:58:32', NULL),
(3799, 182, 23, '2024-05-28 09:58:32', '2024-05-28 09:58:32', NULL),
(3800, 182, 24, '2024-05-28 09:58:32', '2024-05-28 09:58:32', NULL),
(3801, 182, 25, '2024-05-28 09:58:32', '2024-05-28 09:58:32', NULL),
(3802, 182, 26, '2024-05-28 09:58:32', '2024-05-28 09:58:32', NULL),
(3803, 182, 27, '2024-05-28 09:58:32', '2024-05-28 09:58:32', NULL),
(3804, 182, 28, '2024-05-28 09:58:32', '2024-05-28 09:58:32', NULL),
(3805, 182, 29, '2024-05-28 09:58:32', '2024-05-28 09:58:32', NULL),
(3806, 182, 30, '2024-05-28 09:58:32', '2024-05-28 09:58:32', NULL),
(3807, 182, 31, '2024-05-28 09:58:32', '2024-05-28 09:58:32', NULL),
(3808, 182, 32, '2024-05-28 09:58:32', '2024-05-28 09:58:32', NULL),
(3809, 182, 33, '2024-05-28 09:58:32', '2024-05-28 09:58:32', NULL),
(3810, 182, 34, '2024-05-28 09:58:32', '2024-05-28 09:58:32', NULL),
(3811, 182, 35, '2024-05-28 09:58:32', '2024-05-28 09:58:32', NULL),
(3812, 182, 36, '2024-05-28 09:58:32', '2024-05-28 09:58:32', NULL),
(3813, 182, 37, '2024-05-28 09:58:32', '2024-05-28 09:58:32', NULL),
(3814, 182, 38, '2024-05-28 09:58:32', '2024-05-28 09:58:32', NULL),
(3815, 182, 39, '2024-05-28 09:58:32', '2024-05-28 09:58:32', NULL),
(3816, 182, 40, '2024-05-28 09:58:32', '2024-05-28 09:58:32', NULL),
(3817, 182, 17, '2024-05-28 09:58:32', '2024-05-28 09:58:32', NULL),
(3818, 182, 18, '2024-05-28 09:58:32', '2024-05-28 09:58:32', NULL),
(3819, 182, 19, '2024-05-28 09:58:32', '2024-05-28 09:58:32', NULL),
(3820, 182, 20, '2024-05-28 09:58:32', '2024-05-28 09:58:32', NULL),
(3821, 183, 1, '2024-05-28 09:58:32', '2024-05-28 09:58:32', NULL),
(3822, 183, 2, '2024-05-28 09:58:32', '2024-05-28 09:58:32', NULL),
(3823, 183, 3, '2024-05-28 09:58:32', '2024-05-28 09:58:32', NULL),
(3824, 183, 4, '2024-05-28 09:58:32', '2024-05-28 09:58:32', NULL),
(3825, 183, 5, '2024-05-28 09:58:32', '2024-05-28 09:58:32', NULL),
(3826, 183, 6, '2024-05-28 09:58:32', '2024-05-28 09:58:32', NULL),
(3827, 183, 7, '2024-05-28 09:58:32', '2024-05-28 09:58:32', NULL),
(3828, 183, 8, '2024-05-28 09:58:32', '2024-05-28 09:58:32', NULL),
(3829, 183, 9, '2024-05-28 09:58:32', '2024-05-28 09:58:32', NULL),
(3830, 183, 10, '2024-05-28 09:58:32', '2024-05-28 09:58:32', NULL),
(3831, 183, 11, '2024-05-28 09:58:32', '2024-05-28 09:58:32', NULL),
(3832, 183, 12, '2024-05-28 09:58:32', '2024-05-28 09:58:32', NULL),
(3833, 183, 13, '2024-05-28 09:58:32', '2024-05-28 09:58:32', NULL),
(3834, 183, 14, '2024-05-28 09:58:32', '2024-05-28 09:58:32', NULL),
(3835, 183, 15, '2024-05-28 09:58:32', '2024-05-28 09:58:32', NULL),
(3836, 183, 16, '2024-05-28 09:58:32', '2024-05-28 09:58:32', NULL),
(3837, 183, 21, '2024-05-28 09:58:32', '2024-05-28 09:58:32', NULL),
(3838, 183, 22, '2024-05-28 09:58:32', '2024-05-28 09:58:32', NULL),
(3839, 183, 23, '2024-05-28 09:58:32', '2024-05-28 09:58:32', NULL),
(3840, 183, 24, '2024-05-28 09:58:32', '2024-05-28 09:58:32', NULL),
(3841, 183, 25, '2024-05-28 09:58:32', '2024-05-28 09:58:32', NULL),
(3842, 183, 26, '2024-05-28 09:58:32', '2024-05-28 09:58:32', NULL),
(3843, 183, 27, '2024-05-28 09:58:32', '2024-05-28 09:58:32', NULL),
(3844, 183, 28, '2024-05-28 09:58:32', '2024-05-28 09:58:32', NULL),
(3845, 183, 29, '2024-05-28 09:58:32', '2024-05-28 09:58:32', NULL),
(3846, 183, 30, '2024-05-28 09:58:32', '2024-05-28 09:58:32', NULL),
(3847, 183, 31, '2024-05-28 09:58:32', '2024-05-28 09:58:32', NULL),
(3848, 183, 32, '2024-05-28 09:58:32', '2024-05-28 09:58:32', NULL),
(3849, 183, 33, '2024-05-28 09:58:32', '2024-05-28 09:58:32', NULL),
(3850, 183, 34, '2024-05-28 09:58:32', '2024-05-28 09:58:32', NULL),
(3851, 183, 35, '2024-05-28 09:58:32', '2024-05-28 09:58:32', NULL),
(3852, 183, 36, '2024-05-28 09:58:32', '2024-05-28 09:58:32', NULL),
(3853, 183, 37, '2024-05-28 09:58:32', '2024-05-28 09:58:32', NULL),
(3854, 183, 38, '2024-05-28 09:58:32', '2024-05-28 09:58:32', NULL),
(3855, 183, 39, '2024-05-28 09:58:32', '2024-05-28 09:58:32', NULL),
(3856, 183, 40, '2024-05-28 09:58:32', '2024-05-28 09:58:32', NULL),
(3857, 183, 17, '2024-05-28 09:58:32', '2024-05-28 09:58:32', NULL),
(3858, 183, 18, '2024-05-28 09:58:32', '2024-05-28 09:58:32', NULL),
(3859, 183, 19, '2024-05-28 09:58:32', '2024-05-28 09:58:32', NULL),
(3860, 183, 20, '2024-05-28 09:58:32', '2024-05-28 09:58:32', NULL),
(3861, 184, 1, '2024-05-28 09:58:32', '2024-05-28 09:58:32', NULL),
(3862, 184, 2, '2024-05-28 09:58:32', '2024-05-28 09:58:32', NULL),
(3863, 184, 3, '2024-05-28 09:58:32', '2024-05-28 09:58:32', NULL),
(3864, 184, 4, '2024-05-28 09:58:32', '2024-05-28 09:58:32', NULL),
(3865, 184, 5, '2024-05-28 09:58:32', '2024-05-28 09:58:32', NULL),
(3866, 184, 6, '2024-05-28 09:58:32', '2024-05-28 09:58:32', NULL),
(3867, 184, 7, '2024-05-28 09:58:32', '2024-05-28 09:58:32', NULL),
(3868, 184, 8, '2024-05-28 09:58:32', '2024-05-28 09:58:32', NULL),
(3869, 184, 9, '2024-05-28 09:58:32', '2024-05-28 09:58:32', NULL),
(3870, 184, 10, '2024-05-28 09:58:32', '2024-05-28 09:58:32', NULL),
(3871, 184, 11, '2024-05-28 09:58:32', '2024-05-28 09:58:32', NULL),
(3872, 184, 12, '2024-05-28 09:58:32', '2024-05-28 09:58:32', NULL),
(3873, 184, 13, '2024-05-28 09:58:32', '2024-05-28 09:58:32', NULL),
(3874, 184, 14, '2024-05-28 09:58:32', '2024-05-28 09:58:32', NULL),
(3875, 184, 15, '2024-05-28 09:58:32', '2024-05-28 09:58:32', NULL),
(3876, 184, 16, '2024-05-28 09:58:32', '2024-05-28 09:58:32', NULL),
(3877, 184, 21, '2024-05-28 09:58:32', '2024-05-28 09:58:32', NULL),
(3878, 184, 22, '2024-05-28 09:58:32', '2024-05-28 09:58:32', NULL),
(3879, 184, 23, '2024-05-28 09:58:32', '2024-05-28 09:58:32', NULL),
(3880, 184, 24, '2024-05-28 09:58:32', '2024-05-28 09:58:32', NULL),
(3881, 184, 25, '2024-05-28 09:58:32', '2024-05-28 09:58:32', NULL),
(3882, 184, 26, '2024-05-28 09:58:32', '2024-05-28 09:58:32', NULL),
(3883, 184, 27, '2024-05-28 09:58:32', '2024-05-28 09:58:32', NULL),
(3884, 184, 28, '2024-05-28 09:58:32', '2024-05-28 09:58:32', NULL),
(3885, 184, 29, '2024-05-28 09:58:32', '2024-05-28 09:58:32', NULL),
(3886, 184, 30, '2024-05-28 09:58:32', '2024-05-28 09:58:32', NULL),
(3887, 184, 31, '2024-05-28 09:58:32', '2024-05-28 09:58:32', NULL),
(3888, 184, 32, '2024-05-28 09:58:32', '2024-05-28 09:58:32', NULL),
(3889, 184, 33, '2024-05-28 09:58:32', '2024-05-28 09:58:32', NULL),
(3890, 184, 34, '2024-05-28 09:58:32', '2024-05-28 09:58:32', NULL),
(3891, 184, 35, '2024-05-28 09:58:32', '2024-05-28 09:58:32', NULL),
(3892, 184, 36, '2024-05-28 09:58:32', '2024-05-28 09:58:32', NULL),
(3893, 184, 37, '2024-05-28 09:58:32', '2024-05-28 09:58:32', NULL),
(3894, 184, 38, '2024-05-28 09:58:32', '2024-05-28 09:58:32', NULL),
(3895, 184, 39, '2024-05-28 09:58:32', '2024-05-28 09:58:32', NULL),
(3896, 184, 40, '2024-05-28 09:58:32', '2024-05-28 09:58:32', NULL),
(3897, 184, 17, '2024-05-28 09:58:32', '2024-05-28 09:58:32', NULL),
(3898, 184, 18, '2024-05-28 09:58:32', '2024-05-28 09:58:32', NULL),
(3899, 184, 19, '2024-05-28 09:58:32', '2024-05-28 09:58:32', NULL),
(3900, 184, 20, '2024-05-28 09:58:32', '2024-05-28 09:58:32', NULL),
(3901, 185, 1, '2024-05-28 09:58:32', '2024-05-28 09:58:32', NULL),
(3902, 185, 2, '2024-05-28 09:58:32', '2024-05-28 09:58:32', NULL),
(3903, 185, 3, '2024-05-28 09:58:32', '2024-05-28 09:58:32', NULL),
(3904, 185, 4, '2024-05-28 09:58:32', '2024-05-28 09:58:32', NULL),
(3905, 185, 5, '2024-05-28 09:58:32', '2024-05-28 09:58:32', NULL),
(3906, 185, 6, '2024-05-28 09:58:32', '2024-05-28 09:58:32', NULL),
(3907, 185, 7, '2024-05-28 09:58:32', '2024-05-28 09:58:32', NULL),
(3908, 185, 8, '2024-05-28 09:58:32', '2024-05-28 09:58:32', NULL),
(3909, 185, 9, '2024-05-28 09:58:32', '2024-05-28 09:58:32', NULL),
(3910, 185, 10, '2024-05-28 09:58:32', '2024-05-28 09:58:32', NULL),
(3911, 185, 11, '2024-05-28 09:58:32', '2024-05-28 09:58:32', NULL),
(3912, 185, 12, '2024-05-28 09:58:32', '2024-05-28 09:58:32', NULL),
(3913, 185, 13, '2024-05-28 09:58:32', '2024-05-28 09:58:32', NULL),
(3914, 185, 14, '2024-05-28 09:58:32', '2024-05-28 09:58:32', NULL),
(3915, 185, 15, '2024-05-28 09:58:32', '2024-05-28 09:58:32', NULL),
(3916, 185, 16, '2024-05-28 09:58:32', '2024-05-28 09:58:32', NULL),
(3917, 185, 21, '2024-05-28 09:58:32', '2024-05-28 09:58:32', NULL),
(3918, 185, 22, '2024-05-28 09:58:32', '2024-05-28 09:58:32', NULL),
(3919, 185, 23, '2024-05-28 09:58:32', '2024-05-28 09:58:32', NULL),
(3920, 185, 24, '2024-05-28 09:58:32', '2024-05-28 09:58:32', NULL),
(3921, 185, 25, '2024-05-28 09:58:32', '2024-05-28 09:58:32', NULL),
(3922, 185, 26, '2024-05-28 09:58:32', '2024-05-28 09:58:32', NULL),
(3923, 185, 27, '2024-05-28 09:58:32', '2024-05-28 09:58:32', NULL),
(3924, 185, 28, '2024-05-28 09:58:32', '2024-05-28 09:58:32', NULL),
(3925, 185, 29, '2024-05-28 09:58:32', '2024-05-28 09:58:32', NULL),
(3926, 185, 30, '2024-05-28 09:58:32', '2024-05-28 09:58:32', NULL),
(3927, 185, 31, '2024-05-28 09:58:32', '2024-05-28 09:58:32', NULL),
(3928, 185, 32, '2024-05-28 09:58:32', '2024-05-28 09:58:32', NULL),
(3929, 185, 33, '2024-05-28 09:58:32', '2024-05-28 09:58:32', NULL),
(3930, 185, 34, '2024-05-28 09:58:32', '2024-05-28 09:58:32', NULL),
(3931, 185, 35, '2024-05-28 09:58:32', '2024-05-28 09:58:32', NULL),
(3932, 185, 36, '2024-05-28 09:58:32', '2024-05-28 09:58:32', NULL),
(3933, 185, 37, '2024-05-28 09:58:32', '2024-05-28 09:58:32', NULL),
(3934, 185, 38, '2024-05-28 09:58:32', '2024-05-28 09:58:32', NULL),
(3935, 185, 39, '2024-05-28 09:58:32', '2024-05-28 09:58:32', NULL),
(3936, 185, 40, '2024-05-28 09:58:32', '2024-05-28 09:58:32', NULL),
(3937, 185, 17, '2024-05-28 09:58:32', '2024-05-28 09:58:32', NULL),
(3938, 185, 18, '2024-05-28 09:58:32', '2024-05-28 09:58:32', NULL),
(3939, 185, 19, '2024-05-28 09:58:32', '2024-05-28 09:58:32', NULL),
(3940, 185, 20, '2024-05-28 09:58:32', '2024-05-28 09:58:32', NULL),
(3941, 186, 1, '2024-05-28 10:05:47', '2024-05-28 10:05:47', NULL),
(3942, 186, 2, '2024-05-28 10:05:47', '2024-05-28 10:05:47', NULL),
(3943, 186, 3, '2024-05-28 10:05:47', '2024-05-28 10:05:47', NULL),
(3944, 186, 4, '2024-05-28 10:05:47', '2024-05-28 10:05:47', NULL),
(3945, 186, 5, '2024-05-28 10:05:47', '2024-05-28 10:05:47', NULL),
(3946, 186, 6, '2024-05-28 10:05:47', '2024-05-28 10:05:47', NULL),
(3947, 186, 7, '2024-05-28 10:05:47', '2024-05-28 10:05:47', NULL),
(3948, 186, 8, '2024-05-28 10:05:47', '2024-05-28 10:05:47', NULL),
(3949, 186, 9, '2024-05-28 10:05:47', '2024-05-28 10:05:47', NULL),
(3950, 186, 10, '2024-05-28 10:05:47', '2024-05-28 10:05:47', NULL),
(3951, 186, 11, '2024-05-28 10:05:47', '2024-05-28 10:05:47', NULL),
(3952, 186, 12, '2024-05-28 10:05:47', '2024-05-28 10:05:47', NULL),
(3953, 186, 13, '2024-05-28 10:05:47', '2024-05-28 10:05:47', NULL),
(3954, 186, 14, '2024-05-28 10:05:47', '2024-05-28 10:05:47', NULL),
(3955, 186, 15, '2024-05-28 10:05:47', '2024-05-28 10:05:47', NULL),
(3956, 186, 16, '2024-05-28 10:05:47', '2024-05-28 10:05:47', NULL),
(3957, 187, 1, '2024-05-28 10:05:47', '2024-05-28 10:05:47', NULL),
(3958, 187, 2, '2024-05-28 10:05:47', '2024-05-28 10:05:47', NULL),
(3959, 187, 3, '2024-05-28 10:05:47', '2024-05-28 10:05:47', NULL),
(3960, 187, 4, '2024-05-28 10:05:47', '2024-05-28 10:05:47', NULL),
(3961, 187, 5, '2024-05-28 10:05:47', '2024-05-28 10:05:47', NULL),
(3962, 187, 6, '2024-05-28 10:05:47', '2024-05-28 10:05:47', NULL),
(3963, 187, 7, '2024-05-28 10:05:47', '2024-05-28 10:05:47', NULL),
(3964, 187, 8, '2024-05-28 10:05:47', '2024-05-28 10:05:47', NULL),
(3965, 187, 9, '2024-05-28 10:05:47', '2024-05-28 10:05:47', NULL),
(3966, 187, 10, '2024-05-28 10:05:47', '2024-05-28 10:05:47', NULL),
(3967, 187, 11, '2024-05-28 10:05:47', '2024-05-28 10:05:47', NULL),
(3968, 187, 12, '2024-05-28 10:05:47', '2024-05-28 10:05:47', NULL),
(3969, 187, 13, '2024-05-28 10:05:47', '2024-05-28 10:05:47', NULL),
(3970, 187, 14, '2024-05-28 10:05:47', '2024-05-28 10:05:47', NULL),
(3971, 187, 15, '2024-05-28 10:05:47', '2024-05-28 10:05:47', NULL),
(3972, 187, 16, '2024-05-28 10:05:47', '2024-05-28 10:05:47', NULL),
(3973, 188, 1, '2024-05-28 10:05:47', '2024-05-28 10:05:47', NULL),
(3974, 188, 2, '2024-05-28 10:05:47', '2024-05-28 10:05:47', NULL),
(3975, 188, 3, '2024-05-28 10:05:47', '2024-05-28 10:05:47', NULL),
(3976, 188, 4, '2024-05-28 10:05:47', '2024-05-28 10:05:47', NULL),
(3977, 188, 5, '2024-05-28 10:05:47', '2024-05-28 10:05:47', NULL),
(3978, 188, 6, '2024-05-28 10:05:47', '2024-05-28 10:05:47', NULL),
(3979, 188, 7, '2024-05-28 10:05:47', '2024-05-28 10:05:47', NULL),
(3980, 188, 8, '2024-05-28 10:05:47', '2024-05-28 10:05:47', NULL),
(3981, 188, 9, '2024-05-28 10:05:47', '2024-05-28 10:05:47', NULL),
(3982, 188, 10, '2024-05-28 10:05:47', '2024-05-28 10:05:47', NULL),
(3983, 188, 11, '2024-05-28 10:05:47', '2024-05-28 10:05:47', NULL),
(3984, 188, 12, '2024-05-28 10:05:47', '2024-05-28 10:05:47', NULL),
(3985, 188, 13, '2024-05-28 10:05:47', '2024-05-28 10:05:47', NULL),
(3986, 188, 14, '2024-05-28 10:05:47', '2024-05-28 10:05:47', NULL),
(3987, 188, 15, '2024-05-28 10:05:47', '2024-05-28 10:05:47', NULL),
(3988, 188, 16, '2024-05-28 10:05:47', '2024-05-28 10:05:47', NULL),
(3989, 189, 1, '2024-05-28 10:05:47', '2024-05-28 10:05:47', NULL),
(3990, 189, 2, '2024-05-28 10:05:47', '2024-05-28 10:05:47', NULL),
(3991, 189, 3, '2024-05-28 10:05:47', '2024-05-28 10:05:47', NULL),
(3992, 189, 4, '2024-05-28 10:05:47', '2024-05-28 10:05:47', NULL),
(3993, 189, 5, '2024-05-28 10:05:47', '2024-05-28 10:05:47', NULL),
(3994, 189, 6, '2024-05-28 10:05:47', '2024-05-28 10:05:47', NULL),
(3995, 189, 7, '2024-05-28 10:05:47', '2024-05-28 10:05:47', NULL),
(3996, 189, 8, '2024-05-28 10:05:47', '2024-05-28 10:05:47', NULL),
(3997, 189, 9, '2024-05-28 10:05:47', '2024-05-28 10:05:47', NULL),
(3998, 189, 10, '2024-05-28 10:05:47', '2024-05-28 10:05:47', NULL),
(3999, 189, 11, '2024-05-28 10:05:47', '2024-05-28 10:05:47', NULL),
(4000, 189, 12, '2024-05-28 10:05:47', '2024-05-28 10:05:47', NULL),
(4001, 189, 13, '2024-05-28 10:05:47', '2024-05-28 10:05:47', NULL),
(4002, 189, 14, '2024-05-28 10:05:47', '2024-05-28 10:05:47', NULL),
(4003, 189, 15, '2024-05-28 10:05:47', '2024-05-28 10:05:47', NULL),
(4004, 189, 16, '2024-05-28 10:05:47', '2024-05-28 10:05:47', NULL),
(4005, 190, 1, '2024-05-28 10:05:47', '2024-05-28 10:05:47', NULL),
(4006, 190, 2, '2024-05-28 10:05:47', '2024-05-28 10:05:47', NULL),
(4007, 190, 3, '2024-05-28 10:05:47', '2024-05-28 10:05:47', NULL),
(4008, 190, 4, '2024-05-28 10:05:47', '2024-05-28 10:05:47', NULL),
(4009, 190, 5, '2024-05-28 10:05:47', '2024-05-28 10:05:47', NULL),
(4010, 190, 6, '2024-05-28 10:05:47', '2024-05-28 10:05:47', NULL),
(4011, 190, 7, '2024-05-28 10:05:47', '2024-05-28 10:05:47', NULL),
(4012, 190, 8, '2024-05-28 10:05:47', '2024-05-28 10:05:47', NULL),
(4013, 190, 9, '2024-05-28 10:05:47', '2024-05-28 10:05:47', NULL),
(4014, 190, 10, '2024-05-28 10:05:47', '2024-05-28 10:05:47', NULL),
(4015, 190, 11, '2024-05-28 10:05:47', '2024-05-28 10:05:47', NULL),
(4016, 190, 12, '2024-05-28 10:05:47', '2024-05-28 10:05:47', NULL),
(4017, 190, 13, '2024-05-28 10:05:47', '2024-05-28 10:05:47', NULL),
(4018, 190, 14, '2024-05-28 10:05:47', '2024-05-28 10:05:47', NULL),
(4019, 190, 15, '2024-05-28 10:05:47', '2024-05-28 10:05:47', NULL),
(4020, 190, 16, '2024-05-28 10:05:47', '2024-05-28 10:05:47', NULL),
(4021, 191, 1, '2024-06-01 10:32:32', '2024-06-01 10:32:32', NULL),
(4022, 191, 2, '2024-06-01 10:32:32', '2024-06-01 10:32:32', NULL),
(4023, 191, 3, '2024-06-01 10:32:32', '2024-06-01 10:32:32', NULL),
(4024, 191, 4, '2024-06-01 10:32:32', '2024-06-01 10:32:32', NULL),
(4025, 191, 5, '2024-06-01 10:32:32', '2024-06-01 10:32:32', NULL),
(4026, 191, 6, '2024-06-01 10:32:32', '2024-06-01 10:32:32', NULL),
(4027, 191, 7, '2024-06-01 10:32:32', '2024-06-01 10:32:32', NULL),
(4028, 191, 8, '2024-06-01 10:32:32', '2024-06-01 10:32:32', NULL),
(4029, 191, 9, '2024-06-01 10:32:32', '2024-06-01 10:32:32', NULL),
(4030, 191, 10, '2024-06-01 10:32:32', '2024-06-01 10:32:32', NULL),
(4031, 191, 11, '2024-06-01 10:32:32', '2024-06-01 10:32:32', NULL),
(4032, 191, 12, '2024-06-01 10:32:32', '2024-06-01 10:32:32', NULL),
(4033, 191, 17, '2024-06-01 10:32:32', '2024-06-01 10:32:32', NULL),
(4034, 191, 18, '2024-06-01 10:32:32', '2024-06-01 10:32:32', NULL),
(4035, 191, 19, '2024-06-01 10:32:32', '2024-06-01 10:32:32', NULL),
(4036, 191, 20, '2024-06-01 10:32:32', '2024-06-01 10:32:32', NULL),
(4037, 191, 21, '2024-06-01 10:32:32', '2024-06-01 10:32:32', NULL),
(4038, 191, 22, '2024-06-01 10:32:32', '2024-06-01 10:32:32', NULL),
(4039, 191, 23, '2024-06-01 10:32:32', '2024-06-01 10:32:32', NULL),
(4040, 191, 24, '2024-06-01 10:32:32', '2024-06-01 10:32:32', NULL),
(4041, 191, 29, '2024-06-01 10:32:32', '2024-06-01 10:32:32', NULL),
(4042, 191, 30, '2024-06-01 10:32:32', '2024-06-01 10:32:32', NULL),
(4043, 191, 31, '2024-06-01 10:32:32', '2024-06-01 10:32:32', NULL),
(4044, 191, 32, '2024-06-01 10:32:32', '2024-06-01 10:32:32', NULL),
(4045, 191, 33, '2024-06-01 10:32:32', '2024-06-01 10:32:32', NULL),
(4046, 191, 34, '2024-06-01 10:32:32', '2024-06-01 10:32:32', NULL),
(4047, 191, 35, '2024-06-01 10:32:32', '2024-06-01 10:32:32', NULL),
(4048, 191, 36, '2024-06-01 10:32:32', '2024-06-01 10:32:32', NULL),
(4049, 191, 37, '2024-06-01 10:32:32', '2024-06-01 10:32:32', NULL),
(4050, 191, 38, '2024-06-01 10:32:32', '2024-06-01 10:32:32', NULL),
(4051, 191, 39, '2024-06-01 10:32:32', '2024-06-01 10:32:32', NULL),
(4052, 191, 40, '2024-06-01 10:32:32', '2024-06-01 10:32:32', NULL);

-- --------------------------------------------------------

--
-- Estructura de tabla para la tabla `failed_jobs`
--

CREATE TABLE `failed_jobs` (
  `id` bigint(20) UNSIGNED NOT NULL,
  `uuid` varchar(255) NOT NULL,
  `connection` text NOT NULL,
  `queue` text NOT NULL,
  `payload` longtext NOT NULL,
  `exception` longtext NOT NULL,
  `failed_at` timestamp NOT NULL DEFAULT current_timestamp()
) ENGINE=InnoDB DEFAULT CHARSET=utf8mb4 COLLATE=utf8mb4_unicode_ci;

-- --------------------------------------------------------

--
-- Estructura de tabla para la tabla `migrations`
--

CREATE TABLE `migrations` (
  `id` int(10) UNSIGNED NOT NULL,
  `migration` varchar(255) NOT NULL,
  `batch` int(11) NOT NULL
) ENGINE=InnoDB DEFAULT CHARSET=utf8mb4 COLLATE=utf8mb4_unicode_ci;

--
-- Volcado de datos para la tabla `migrations`
--

INSERT INTO `migrations` (`id`, `migration`, `batch`) VALUES
(1, '2014_10_12_000000_create_users_table', 1),
(2, '2014_10_12_100000_create_password_reset_tokens_table', 1),
(3, '2019_08_19_000000_create_failed_jobs_table', 1),
(4, '2019_12_14_000001_create_personal_access_tokens_table', 1),
(5, '2024_03_16_151804_create_permission_tables', 1);

-- --------------------------------------------------------

--
-- Estructura de tabla para la tabla `model_has_permissions`
--

CREATE TABLE `model_has_permissions` (
  `permission_id` bigint(20) UNSIGNED NOT NULL,
  `model_type` varchar(255) NOT NULL,
  `model_id` bigint(20) UNSIGNED NOT NULL
) ENGINE=InnoDB DEFAULT CHARSET=utf8mb4 COLLATE=utf8mb4_unicode_ci;

-- --------------------------------------------------------

--
-- Estructura de tabla para la tabla `model_has_roles`
--

CREATE TABLE `model_has_roles` (
  `role_id` bigint(20) UNSIGNED NOT NULL,
  `model_type` varchar(255) NOT NULL,
  `model_id` bigint(20) UNSIGNED NOT NULL
) ENGINE=InnoDB DEFAULT CHARSET=utf8mb4 COLLATE=utf8mb4_unicode_ci;

--
-- Volcado de datos para la tabla `model_has_roles`
--

INSERT INTO `model_has_roles` (`role_id`, `model_type`, `model_id`) VALUES
(1, 'App\\Models\\User', 1),
(2, 'App\\Models\\User', 2),
(2, 'App\\Models\\User', 4),
(2, 'App\\Models\\User', 7),
(2, 'App\\Models\\User', 8),
(2, 'App\\Models\\User', 9),
(2, 'App\\Models\\User', 15),
(3, 'App\\Models\\User', 10),
(3, 'App\\Models\\User', 11),
(3, 'App\\Models\\User', 19),
(3, 'App\\Models\\User', 20),
(3, 'App\\Models\\User', 22),
(3, 'App\\Models\\User', 24),
(4, 'App\\Models\\User', 23),
(5, 'App\\Models\\User', 16),
(5, 'App\\Models\\User', 17),
(5, 'App\\Models\\User', 18),
(5, 'App\\Models\\User', 21),
(13, 'App\\Models\\User', 3),
(13, 'App\\Models\\User', 26);

-- --------------------------------------------------------

--
-- Estructura de tabla para la tabla `password_reset_tokens`
--

CREATE TABLE `password_reset_tokens` (
  `email` varchar(255) NOT NULL,
  `token` varchar(255) NOT NULL,
  `created_at` timestamp NULL DEFAULT NULL
) ENGINE=InnoDB DEFAULT CHARSET=utf8mb4 COLLATE=utf8mb4_unicode_ci;

-- --------------------------------------------------------

--
-- Estructura de tabla para la tabla `patients`
--

CREATE TABLE `patients` (
  `id` bigint(20) UNSIGNED NOT NULL,
  `name` varchar(250) NOT NULL,
  `surname` varchar(250) NOT NULL,
  `DNI` varchar(25) NOT NULL,
  `movil` varchar(250) DEFAULT NULL,
  `email` varchar(250) DEFAULT NULL,
  `fecha_nac` timestamp NULL DEFAULT NULL,
  `gender` tinyint(1) UNSIGNED NOT NULL DEFAULT 1 COMMENT '1 es masculino, 2 femenino y 3 indefinido',
  `antedent` text DEFAULT NULL COMMENT 'Antecedentes médicos',
  `diagnostico` text DEFAULT NULL,
  `address` varchar(250) DEFAULT NULL,
  `avatar` varchar(250) DEFAULT NULL,
  `created_at` timestamp NULL DEFAULT NULL,
  `updated_at` timestamp NULL DEFAULT NULL,
  `deleted_at` timestamp NULL DEFAULT NULL
) ENGINE=InnoDB DEFAULT CHARSET=utf8mb4 COLLATE=utf8mb4_general_ci;

--
-- Volcado de datos para la tabla `patients`
--

INSERT INTO `patients` (`id`, `name`, `surname`, `DNI`, `movil`, `email`, `fecha_nac`, `gender`, `antedent`, `diagnostico`, `address`, `avatar`, `created_at`, `updated_at`, `deleted_at`) VALUES
(2, 'Silvino', 'Silvino', '567876566 S', '123456', 'canta@mas.es', '2016-07-26 10:00:00', 1, 'Dolor de bicepcs', 'Dolor al extender el brazo delante, sobre la cabeza o alcanzar detrás de la espalda.', NULL, 'patients/TneaT9A1PSRdKWvQ6f9d5JYsG2IJFvYNRBLqt5Gs.jpg', '2024-04-22 08:21:15', '2024-05-27 15:31:48', NULL),
(3, 'Nube', 'nube', '1234567', '1233455', 'b', NULL, 3, NULL, NULL, NULL, NULL, '2024-04-22 08:23:21', '2024-05-27 13:31:10', '2024-05-27 13:31:10'),
(4, 'Mayte', 'Pere Otero', '789675643F', '88888', 'HH@hh.com', '1970-09-14 11:00:00', 2, 'Infarto miocardio. El infarto agudo de miocardio conlleva una mortalidad elevada por lo que es de urgencia atenderlo. Se presenta debido a la obstrucción brusca del paso de sangre a través de una arteria coronaria.\r\n\r\nNormalmente, un infarto de miocardio se debe al desarrollo progresivo en la obstrucción de las arterias coronarias con placa de ateroma (colesterol). Ante la ruptura súbita de una de estas placas, se genera un pequeño coágulo, conocido como trombo, sobre la superficie. El trombo obstruye totalmente el paso de sangre en la arteria resultando falta de riego y, posterior muerte de una zona del corazón.', 'Por determinar', 'Pamplona', 'patients/TpNDHLXXeX7eAdkxp4ZGDV9YSg4uKdqEyafvu1S7.jpg', '2024-04-22 09:21:19', '2024-05-27 16:16:30', NULL),
(5, 'Puy', 'Rodriguez', '983.434.678 M', '679828579', 'J@gmail.com', '2013-02-26 11:00:00', 2, 'Dolor de espalda', NULL, NULL, 'patients/fSkY00f1vNvixDwE6XfgEyFdEBYdaamKnZkA4l03.jpg', '2024-04-22 12:59:00', '2024-05-28 09:55:57', NULL),
(6, 'FFSDA', 'FFSDA', '333333', '33333', NULL, '2024-04-25 09:02:43', 2, NULL, NULL, NULL, NULL, '2024-04-22 13:01:22', '2024-05-27 13:30:58', '2024-05-27 13:30:58'),
(7, 'Mariola', 'Gómez Eulate', '652.334.560 A', '678828577', 'triatrlon@deporte.es', '2016-09-25 10:00:00', 2, 'Fractura de tibia y peroné.\r\nPsoas blando.', NULL, 'Calle Bethancourt Alonso, 32\r\nLerin', 'patients/LPDSU887HheeDiEcM3ixxJhZKuHBtjnwfQDaLqUX.jpg', '2024-04-25 11:07:55', '2024-05-30 17:27:10', NULL),
(8, 'Bea', 'Romero', '36143286m', '679828579', 'bea@gmail.com', '1985-01-28 11:00:00', 2, 'Hemocromatosis hedirataria', 'Dolor al extender el brazo delante, sobre la cabeza o alcanzar detrás de la espalda.', 'Vigo', 'patients/ya5L5g6rusiRXFvJE5AnEknpFRkrhDPaWHCL9rIt.jpg', '2024-05-14 14:27:16', '2024-06-02 10:20:17', NULL),
(9, 'Juan', 'Lopez Azul', '363456789k', '679828456', 'juan@gmail.com', '2024-05-27 01:28:44', 1, 'La triada de rodilla es muy típica en este deporte. También se conoce con el nombre triada infeliz o triada de O´Donoghue, cuando los esquís se bloquean y la rodilla afecta al menisco, rompiendo además, el ligamento cruzado anterior y el ligamento lateral interno.', 'Por valorar', 'Estella', NULL, '2024-05-17 07:53:02', '2024-05-27 15:28:44', NULL),
(10, 'Pablo', 'Pablo', '123456789A', '12345678', 'pablo@gmail.com', '1992-02-27 11:00:00', 1, 'Pablo presenta una rotura de meñisco.', 'La lesión del ligamento cruzado anterior es una de las lesiones más habituales, al realizar un movimiento de rotación forzado de la rodilla, cuando el esquiador cae hacia atrás.\r\n\r\nDe igual forma, otra patología de rodilla más común es la lesión del ligamento lateral interno, provocada al caer con la rodilla girada hacia el interior, conocido también como rodilla en valgo.', 'Alava', 'patients/ayXuO5T6mvbwG4R0ikiLa7UO0SmlZZ7kq1fpQXUB.jpg', '2024-05-17 07:54:08', '2024-05-31 18:09:29', NULL);

-- --------------------------------------------------------

--
-- Estructura de tabla para la tabla `permissions`
--

CREATE TABLE `permissions` (
  `id` bigint(20) UNSIGNED NOT NULL,
  `name` varchar(255) NOT NULL,
  `guard_name` varchar(255) NOT NULL,
  `created_at` timestamp NULL DEFAULT NULL,
  `updated_at` timestamp NULL DEFAULT NULL
) ENGINE=InnoDB DEFAULT CHARSET=utf8mb4 COLLATE=utf8mb4_unicode_ci;

--
-- Volcado de datos para la tabla `permissions`
--

INSERT INTO `permissions` (`id`, `name`, `guard_name`, `created_at`, `updated_at`) VALUES
(1, 'register_rol', 'api', '2024-04-27 12:49:26', '2024-04-27 12:49:26'),
(2, 'list_rol', 'api', '2024-04-27 12:49:26', '2024-04-27 12:49:26'),
(3, 'edit_rol', 'api', '2024-04-27 12:49:26', '2024-04-27 12:49:26'),
(4, 'delete_rol', 'api', '2024-04-27 12:49:26', '2024-04-27 12:49:26'),
(5, 'register_doctor', 'api', '2024-04-27 12:49:26', '2024-04-27 12:49:26'),
(6, 'list_doctor', 'api', '2024-04-27 12:49:26', '2024-04-27 12:49:26'),
(7, 'edit_doctor', 'api', '2024-04-27 12:49:26', '2024-04-27 12:49:26'),
(8, 'delete_doctor', 'api', '2024-04-27 12:49:26', '2024-04-27 12:49:26'),
(9, 'profile_doctor', 'api', '2024-04-27 12:49:26', '2024-04-27 12:49:26'),
(10, 'register_patient', 'api', '2024-04-27 12:49:26', '2024-04-27 12:49:26'),
(11, 'list_patient', 'api', '2024-04-27 12:49:26', '2024-04-27 12:49:26'),
(12, 'edit_patient', 'api', '2024-04-27 12:49:26', '2024-04-27 12:49:26'),
(13, 'delete_patient', 'api', '2024-04-27 12:49:26', '2024-04-27 12:49:26'),
(14, 'profile_patient', 'api', '2024-04-27 12:49:26', '2024-04-27 12:49:26'),
(15, 'register_staff', 'api', '2024-04-27 12:49:26', '2024-04-27 12:49:26'),
(16, 'list_staff', 'api', '2024-04-27 12:49:26', '2024-04-27 12:49:26'),
(17, 'edit_staff', 'api', '2024-04-27 12:49:26', '2024-04-27 12:49:26'),
(18, 'delete_staff', 'api', '2024-04-27 12:49:26', '2024-04-27 12:49:26'),
(19, 'register_appointment', 'api', '2024-04-27 12:49:26', '2024-04-27 12:49:26'),
(20, 'list_appointment', 'api', '2024-04-27 12:49:26', '2024-04-27 12:49:26'),
(21, 'edit_appointment', 'api', '2024-04-27 12:49:26', '2024-04-27 12:49:26'),
(22, 'delete_appointment', 'api', '2024-04-27 12:49:26', '2024-04-27 12:49:26'),
(23, 'register_specialty', 'api', '2024-04-27 12:49:26', '2024-04-27 12:49:26'),
(24, 'list_specialty', 'api', '2024-04-27 12:49:26', '2024-04-27 12:49:26'),
(25, 'edit_specialty', 'api', '2024-04-27 12:49:26', '2024-04-27 12:49:26'),
(26, 'delete_specialty', 'api', '2024-04-27 12:49:26', '2024-04-27 12:49:26'),
(27, 'show_payment', 'api', '2024-04-27 12:49:26', '2024-04-27 12:49:26'),
(28, 'edit_payment', 'api', '2024-04-27 12:49:26', '2024-04-27 12:49:26'),
(29, 'activitie', 'api', '2024-04-27 12:49:26', '2024-04-27 12:49:26'),
(30, 'calendar', 'api', '2024-04-27 12:49:26', '2024-04-27 12:49:26'),
(31, 'expense_report', 'api', '2024-04-27 12:49:26', '2024-04-27 12:49:26'),
(32, 'invoice_report', 'api', '2024-04-27 12:49:26', '2024-04-27 12:49:26'),
(33, 'settings', 'api', '2024-04-27 12:49:26', '2024-04-27 12:49:26'),
(35, 'attention_appointment', 'api', '2024-04-27 12:49:26', '2024-04-27 12:49:26');

-- --------------------------------------------------------

--
-- Estructura de tabla para la tabla `personal_access_tokens`
--

CREATE TABLE `personal_access_tokens` (
  `id` bigint(20) UNSIGNED NOT NULL,
  `tokenable_type` varchar(255) NOT NULL,
  `tokenable_id` bigint(20) UNSIGNED NOT NULL,
  `name` varchar(255) NOT NULL,
  `token` varchar(64) NOT NULL,
  `abilities` text DEFAULT NULL,
  `last_used_at` timestamp NULL DEFAULT NULL,
  `expires_at` timestamp NULL DEFAULT NULL,
  `created_at` timestamp NULL DEFAULT NULL,
  `updated_at` timestamp NULL DEFAULT NULL
) ENGINE=InnoDB DEFAULT CHARSET=utf8mb4 COLLATE=utf8mb4_unicode_ci;

-- --------------------------------------------------------

--
-- Estructura de tabla para la tabla `roles`
--

CREATE TABLE `roles` (
  `id` bigint(20) UNSIGNED NOT NULL,
  `name` varchar(255) NOT NULL,
  `guard_name` varchar(255) NOT NULL,
  `created_at` timestamp NULL DEFAULT NULL,
  `updated_at` timestamp NULL DEFAULT NULL
) ENGINE=InnoDB DEFAULT CHARSET=utf8mb4 COLLATE=utf8mb4_unicode_ci;

--
-- Volcado de datos para la tabla `roles`
--

INSERT INTO `roles` (`id`, `name`, `guard_name`, `created_at`, `updated_at`) VALUES
(1, 'Super-Admin', 'api', '2024-04-27 12:49:26', '2024-04-27 12:49:26'),
(2, 'ESPECIALISTA DOCTOR', 'api', '2024-04-27 13:07:33', '2024-06-01 15:53:22'),
(3, 'Especialista Fisioterapeuta', 'api', '2024-04-29 13:13:06', '2024-05-31 14:03:50'),
(4, 'Administrativa', 'api', '2024-05-12 13:47:23', '2024-05-12 13:47:23'),
(5, 'Practicas', 'api', '2024-05-12 13:54:26', '2024-05-12 13:54:26'),
(13, 'ESPECIALISTA', 'api', '2024-05-31 16:49:52', '2024-06-01 15:52:40');

-- --------------------------------------------------------

--
-- Estructura de tabla para la tabla `role_has_permissions`
--

CREATE TABLE `role_has_permissions` (
  `permission_id` bigint(20) UNSIGNED NOT NULL,
  `role_id` bigint(20) UNSIGNED NOT NULL
) ENGINE=InnoDB DEFAULT CHARSET=utf8mb4 COLLATE=utf8mb4_unicode_ci;

--
-- Volcado de datos para la tabla `role_has_permissions`
--

INSERT INTO `role_has_permissions` (`permission_id`, `role_id`) VALUES
(5, 4),
(6, 2),
(6, 3),
(6, 4),
(8, 4),
(9, 3),
(9, 4),
(10, 13),
(11, 2),
(11, 3),
(11, 5),
(11, 13),
(12, 2),
(14, 2),
(14, 3),
(14, 13),
(15, 4),
(15, 13),
(16, 2),
(16, 4),
(16, 13),
(17, 13),
(18, 13),
(19, 2),
(19, 3),
(19, 4),
(19, 13),
(20, 2),
(20, 3),
(20, 4),
(20, 5),
(20, 13),
(21, 2),
(21, 3),
(21, 4),
(21, 13),
(22, 4),
(22, 13),
(23, 3),
(23, 13),
(24, 2),
(24, 3),
(24, 5),
(24, 13),
(25, 13),
(26, 13),
(30, 2),
(30, 13),
(35, 2),
(35, 3),
(35, 13);

-- --------------------------------------------------------

--
-- Estructura de tabla para la tabla `specialities`
--

CREATE TABLE `specialities` (
  `id` bigint(20) UNSIGNED NOT NULL,
  `name` varchar(250) NOT NULL,
  `state` tinyint(1) UNSIGNED NOT NULL DEFAULT 1,
  `created_at` timestamp NULL DEFAULT NULL,
  `updated_at` timestamp NULL DEFAULT NULL,
  `deleted_at` timestamp NULL DEFAULT NULL
) ENGINE=InnoDB DEFAULT CHARSET=utf8mb4 COLLATE=utf8mb4_general_ci;

--
-- Volcado de datos para la tabla `specialities`
--

INSERT INTO `specialities` (`id`, `name`, `state`, `created_at`, `updated_at`, `deleted_at`) VALUES
(1, 'Medicina Manual', 1, '2023-10-04 07:18:43', '2024-04-29 15:09:52', NULL),
(2, 'Iridologia.', 1, '2023-10-04 07:22:58', '2024-04-29 15:09:13', NULL),
(3, 'Sexología', 2, '2023-10-04 07:23:05', '2024-05-29 15:10:42', NULL),
(4, 'Traumatologia', 1, '2023-10-04 07:23:09', '2024-04-29 15:07:27', NULL),
(5, 'Reumatologia', 1, '2023-10-04 07:23:14', '2024-04-29 15:07:05', NULL),
(6, 'Fisioterapeuta', 1, '2023-10-04 07:23:21', '2024-04-29 15:06:46', NULL),
(7, 'Psicologia', 1, '2023-10-04 07:23:28', '2024-05-14 14:18:42', NULL),
(8, 'Veterinaria', 1, '2023-10-04 07:23:57', '2024-05-14 14:05:24', NULL),
(9, 'Osteopatía', 1, '2024-04-16 06:02:27', '2024-05-16 14:41:05', NULL),
(10, 'hhh', 1, '2024-05-12 16:17:26', '2024-05-14 12:18:35', '2024-05-14 12:18:35'),
(11, 'JHJKHKJH', 1, '2024-05-13 13:14:09', '2024-05-13 11:14:24', '2024-05-13 11:14:24'),
(12, 'FDS', 2, '2024-05-16 14:40:40', '2024-05-16 12:40:59', '2024-05-16 12:40:59');

-- --------------------------------------------------------

--
-- Estructura de tabla para la tabla `staffs`
--

CREATE TABLE `staffs` (
  `id` bigint(20) UNSIGNED NOT NULL,
  `name` varchar(250) NOT NULL,
  `surname` varchar(250) NOT NULL,
  `DNI` varchar(25) NOT NULL,
  `movil` varchar(250) DEFAULT NULL,
  `email` varchar(250) DEFAULT NULL,
  `fecha_nac` timestamp NULL DEFAULT NULL,
  `gender` tinyint(1) UNSIGNED NOT NULL DEFAULT 1 COMMENT '1 es masculino, 2 femenino y 3 indefinido',
  `estudios` text NOT NULL,
  `designacion` text NOT NULL,
  `specialitie_id` bigint(20) NOT NULL,
  `address` varchar(250) DEFAULT NULL,
  `password` varchar(250) NOT NULL,
  `avatar` varchar(250) DEFAULT NULL,
  `created_at` timestamp NULL DEFAULT NULL,
  `updated_at` timestamp NULL DEFAULT NULL,
  `deleted_at` timestamp NULL DEFAULT NULL
) ENGINE=InnoDB DEFAULT CHARSET=utf8mb4 COLLATE=utf8mb4_general_ci;

--
-- Volcado de datos para la tabla `staffs`
--

INSERT INTO `staffs` (`id`, `name`, `surname`, `DNI`, `movil`, `email`, `fecha_nac`, `gender`, `estudios`, `designacion`, `specialitie_id`, `address`, `password`, `avatar`, `created_at`, `updated_at`, `deleted_at`) VALUES
(2, 'Silvino', 'Rodriguez Cantoso', '567876566 S', '123456', 'canta@mas.es', '2016-07-26 10:00:00', 1, '', '', 0, NULL, '', 'patients/TneaT9A1PSRdKWvQ6f9d5JYsG2IJFvYNRBLqt5Gs.jpg', '2024-04-22 08:21:15', '2024-04-26 08:06:14', NULL),
(3, 'Nube', 'nube', '1234567', '1233455', 'b', NULL, 3, '', '', 0, NULL, '', NULL, '2024-04-22 08:23:21', '2024-04-26 06:06:29', '2024-04-26 06:06:29'),
(4, 'Paciente', 'Paciente', '789675643F', '88888', 'HH@hh.com', '1970-09-14 11:00:00', 2, '', '', 0, 'b,b', '', 'patients/TpNDHLXXeX7eAdkxp4ZGDV9YSg4uKdqEyafvu1S7.jpg', '2024-04-22 09:21:19', '2024-04-26 08:11:14', NULL),
(5, 'Puy', 'Sosa Lopez', '983.434.678 M', '679828579', 'J@gmail.com', '2013-02-26 11:00:00', 2, '', '', 0, NULL, '', 'patients/fSkY00f1vNvixDwE6XfgEyFdEBYdaamKnZkA4l03.jpg', '2024-04-22 12:59:00', '2024-04-26 08:04:53', NULL),
(6, 'FFSDA', 'FFSDA', '333333', '33333', NULL, '2024-04-25 09:02:43', 2, '', '', 0, NULL, '', NULL, '2024-04-22 13:01:22', '2024-04-26 06:03:19', '2024-04-26 06:03:19'),
(7, 'Mariola', 'Garcia', '652.334.560 A', '678828577', 'triatrlon@deporte.es', '1990-12-26 11:00:00', 2, '', '', 0, 'Calle Bethancourt Alonso, 32\r\nLerin', '', 'patients/LPDSU887HheeDiEcM3ixxJhZKuHBtjnwfQDaLqUX.jpg', '2024-04-25 11:07:55', '2024-04-26 07:59:13', NULL);

-- --------------------------------------------------------

--
-- Estructura de tabla para la tabla `users`
--

CREATE TABLE `users` (
  `id` bigint(20) UNSIGNED NOT NULL,
  `name` varchar(255) NOT NULL,
  `surname` varchar(250) DEFAULT NULL,
  `movil` varchar(25) NOT NULL,
  `email` varchar(255) NOT NULL,
  `email_verified_at` timestamp NULL DEFAULT NULL,
  `password` varchar(255) NOT NULL,
  `specialitie_id` bigint(20) DEFAULT NULL,
  `fecha_nac` timestamp NULL DEFAULT NULL,
  `gender` tinyint(3) UNSIGNED NOT NULL DEFAULT 1 COMMENT '1 es masculino, 2 femenino y 3 indefinido',
  `remember_token` varchar(100) DEFAULT NULL,
  `estudios` varchar(250) DEFAULT NULL,
  `designacion` varchar(250) DEFAULT NULL,
  `address` longtext DEFAULT NULL,
  `avatar` varchar(250) DEFAULT NULL,
  `created_at` timestamp NULL DEFAULT NULL,
  `updated_at` timestamp NULL DEFAULT NULL,
  `deleted_at` timestamp NULL DEFAULT NULL
) ENGINE=InnoDB DEFAULT CHARSET=utf8mb4 COLLATE=utf8mb4_unicode_ci;

--
-- Volcado de datos para la tabla `users`
--

INSERT INTO `users` (`id`, `name`, `surname`, `movil`, `email`, `email_verified_at`, `password`, `specialitie_id`, `fecha_nac`, `gender`, `remember_token`, `estudios`, `designacion`, `address`, `avatar`, `created_at`, `updated_at`, `deleted_at`) VALUES
(1, 'Super-Admin User', '', '', 'bea@gmail.com', '2024-04-27 12:49:26', '$2y$12$74eNWFlAgxvc6pVgJhlM3uGgvEkFM4gNr1MEWa4EVDtSOnXzTp4QK', 0, NULL, 1, 'J1QNn3EMN6', '', NULL, '', '', '2024-04-27 12:49:26', '2024-04-27 12:49:26', NULL),
(2, 'Alvaro', 'Roa Soa', '12345', 'roa@gmail.com', NULL, '$2y$12$EHS85mubZhXP8Smdf/crHu/0TKbb9z3/5MmZ0m0LyLJg.5tuHWkFa', 9, '2016-04-25 08:00:00', 1, NULL, 'Medicia', NULL, NULL, 'staffs/RM2mUe3NjoxQAiX1bx871OXshkVp1g3Q7qpuJFLT.jpg', '2024-04-27 13:58:30', '2024-05-28 08:05:47', NULL),
(3, 'Marisa', 'Roa Vicente', '678908789', 'marisa@gmail.com', NULL, '$2y$12$de2VxS1SmG5l.cW3qPPjP.7tIwDhIU1bgmlXJmhIJ/CtnM.OHQQIm', 6, '1978-06-02 08:00:00', 2, NULL, 'Grado Fisioterapia', 'Dietista', NULL, 'staffs/bjGS3wsPrTRiRr9d2dtcWYibOByWL6omwEQ2a6YE.avif', '2024-04-29 07:21:39', '2024-05-31 16:50:36', NULL),
(4, 'Silvia', 'Ros López', '123', 'bibi@gmail.com', NULL, '$2y$12$g6h09ih6Pi7U4H.s88r9CedK439clUMywJFFMZDZtKk2pTRR9c/q6', 2, '1981-01-19 11:00:00', 2, NULL, 'Grado Medicina', NULL, NULL, 'staffs/GaoMNoBTr5oS6Q7Ceajh8LtTnUG6CcjpxOpl3HhE.jpg', '2024-04-29 08:48:08', '2024-05-27 11:48:59', NULL),
(6, 'Irene', 'Garcia Sanchez', '679828578', 'irene@gmail.com', NULL, '$2y$12$7DtXlYNjIesayrpab/ZVZ.tkKX.Wj15mg/FjZtQOieSPFwVm64HYm', 6, '2024-05-27 00:15:32', 2, NULL, 'Formación Internacional en Fisioterapia', NULL, NULL, 'staffs/B4uuOwbmub32tPNWQIXOP7hFOdG86s2nRgbjoJJh.jpg', '2024-05-07 13:47:49', '2024-05-27 12:24:20', '2024-05-27 12:24:20'),
(7, 'Noa', 'Peña Lopez', '12341234', 'noa@gmail.com', NULL, '$2y$12$jwiQmnU9UFdBGaaepg7Hp.EOws1HtuZY9A9RjI85jCLb3mUzMup9q', NULL, '2019-12-26 10:00:00', 2, NULL, 'Infantil', 'Niña', 'Doctora en practicas', 'staffs/5Gg0TfQR50pAbHxtXwmsyFONv3KP37Dj8iMocrEz.png', '2024-05-11 03:24:20', '2024-05-27 11:47:50', '2024-05-27 11:47:50'),
(8, 'Juana María', 'Roa  Vicente', '655473542', 'juana@gmail.com', NULL, '$2y$12$eMjwTIj13vK18cEEC.rFNeFYTexcF7mDx5fRClcuiFc4HZJsu7WBS', 1, '1977-01-25 10:00:00', 2, NULL, 'Licenciada en Medicina', NULL, NULL, 'staffs/xnwGVSefDX49y7A0q89QB6nUHYt2XlfTmAHAmPFZ.jpg', '2024-05-11 03:51:47', '2024-05-28 07:58:32', NULL),
(9, 'lolo', 'fas', '435', 'lolo@gmail.com', NULL, '$2y$12$ws1DSrLwRn3.GNmc5fDJm.TM.bn8M96875BehKf3iDet0A1cWPtfu', NULL, '1971-08-12 11:00:00', 3, NULL, NULL, NULL, NULL, 'staffs/G5GvfbOAVnCa2mJ7yPCcIOHzhul4OiRYpmyU4Ihy.png', '2024-05-11 04:02:09', '2024-05-27 11:47:36', '2024-05-27 11:47:36'),
(10, 'Lara', 'Romero López', '23', 'b@f.com', NULL, '$2y$12$G2LMUyW/IOJ/x4meu37WYeD6MS6FJfutNPlP2kHdsFqRMCUUc8Myi', 6, '1970-10-11 10:00:00', 2, NULL, NULL, NULL, NULL, 'staffs/KWKzizbMT2obGbTmAsTo8ehz3PmqO7nVSLfCuONC.png', '2024-05-11 04:02:47', '2024-05-16 12:42:17', NULL),
(11, 'sfvds', 'vfds', '6', 'bgggea@gmail.com', NULL, '$2y$12$prYtmVqmtYm7jo5iW5FuSed/t/w9SHZTZdQDQTEL2gWkxY3XsGdNi', 9, '1970-05-12 10:00:00', 2, NULL, NULL, NULL, NULL, 'staffs/ypra8VITyJ9jjvOAWvT9qLa53wYn3YWP1aADnUIW.png', '2024-05-11 04:06:14', '2024-05-14 12:04:57', '2024-05-14 12:04:57'),
(12, 'rr', 'rr', 'rr', 'rrrr@gmail.com', NULL, '$2y$12$qRds.hdcG/pm3MTRysb8s.WhfNNIrawYuIiLj73Pd25gRtgdyhVDW', NULL, '2024-05-12 02:04:51', 1, NULL, NULL, NULL, NULL, 'staffs/PTNgjuZgOAlLm3D2S6RxcDGEfPYj1GDgKMzdjYcz.png', '2024-05-12 14:04:51', '2024-05-12 14:54:53', '2024-05-12 14:54:53'),
(13, 'dad12', '123rrr', '2222', 'bearrrrr@gmail.com', NULL, '$2y$12$McYMo5Zv/4CZOOs9dDbZoOwXEX7nzYqiPOR4itedS6SDyY07vnBii', NULL, '2024-05-12 02:14:36', 1, NULL, NULL, NULL, NULL, 'staffs/BwQVivLQpdBfT69q54kTD8LJkhMmOPRNlOOixL4d.png', '2024-05-12 14:14:36', '2024-05-12 14:54:49', '2024-05-12 14:54:49'),
(14, '12qw', '12q', '1', '12g@gmail.com', NULL, '$2y$12$hc3xmWlQ0B6cePUj4NIhZu7/ysiMxounpWoRxYaeqZ2.DUkXrnpHO', NULL, '2024-05-12 02:26:55', 1, NULL, NULL, NULL, NULL, 'staffs/I2Qyf92MCCB77HQmsYXfwaNbZqPFMtjtrndpnx7o.png', '2024-05-12 14:26:55', '2024-05-12 14:54:45', '2024-05-12 14:54:45'),
(15, '12qw', '12q', '1', '12g44444@gmail.com', NULL, '$2y$12$AQrZBvv24a./n7EOfPsIO.bxapDkpgGaZGoLsS4NdQNfS4GUfhkIu', NULL, '2024-05-12 02:27:44', 1, NULL, NULL, NULL, NULL, 'staffs/NPAitF9saW0TW9euQrlw8zMI0tWfKp4L5dlJNZ02.png', '2024-05-12 14:27:44', '2024-05-13 11:07:42', '2024-05-13 11:07:42'),
(16, 'asfdsaf', 'fadsfdasd', '432412', 'asfddsadf@gmail.com', NULL, '$2y$12$uKT9zKSURwpZ/5LB6KwYIuOnQkBqpnpOg/epCtGtI8XdOcDs6n8Aq', NULL, '2024-05-12 02:32:02', 1, NULL, NULL, NULL, NULL, 'staffs/datLz6mjLywwfKJ1s9dVHe0HEvhVUCgCs4l1Lnjn.png', '2024-05-12 14:32:02', '2024-05-12 14:32:13', '2024-05-12 14:32:13'),
(17, 'usuario', 'prueba', '1', 'usuario @gmail.com', NULL, '$2y$12$3OJIJwZyOyxydAKpgR8QQubK9qH8L0HaXh.vW7JZRiwa25uN2T2WK', NULL, '2024-05-12 03:38:43', 3, NULL, NULL, NULL, NULL, 'staffs/vtKslJHBUnv2EEVNLiw2nxWh7lMxUO7iamsieV50.png', '2024-05-12 15:38:43', '2024-05-27 11:47:18', '2024-05-27 11:47:18'),
(18, 'prueba', 'prueba', '1', '1@gmail.com', NULL, '$2y$12$19FOuW/gJcDDPMmCbrbcqe./LHmSmNOmn74h/bty4gFCemaShWm2u', NULL, '2024-05-12 03:52:50', 1, NULL, NULL, NULL, NULL, 'staffs/0dY7Iv0sd9om8wj7lP2JEzhJwfzVNFzYYxO1SIDb.png', '2024-05-12 15:52:50', '2024-05-27 11:47:14', '2024-05-27 11:47:14'),
(19, 'Damian', 'Romero', '1', 'damian@gmail.com', NULL, '$2y$12$AF7gvjf0j.7eHABam1S5C.CpZF.ZpO14j0cnsfOVDa42K7hHvtoJ6', NULL, '2010-01-31 10:00:00', 1, NULL, 'Licenciado en FISIOTERAPIA', NULL, 'D<AF', 'staffs/dQWOdIUzKMJFEguKQify2pd9wswL5duf7wr7amT6.png', '2024-05-13 11:06:36', '2024-05-27 11:47:07', '2024-05-27 11:47:07'),
(20, 'dsaDfffcf', 'DAd', '1', '1234@gmail.com', NULL, '$2y$12$OH5t3aZszOdC.yxyg4eeFuqcmI1RV5kdgo0pCxT50JSiKbI9At7Hm', NULL, '2024-04-30 08:00:00', 2, NULL, 'cz', NULL, NULL, 'staffs/UuQQv4BDbFCOr6b9Rs83qytbo4PAJF7nYaoGZH7r.png', '2024-05-13 11:13:32', '2024-05-13 11:13:53', '2024-05-13 11:13:53'),
(21, 'damian', 'DSA', '1', '123@gmail.com', NULL, '$2y$12$7aPfgCNDB9CPI8X6j39EJ.ffV.qtzohBzNO15MyceCidSLEcBz4L2', NULL, '2024-04-30 08:00:00', 2, NULL, NULL, NULL, NULL, 'staffs/2Xmm4qLLuKy4R1bIl7ELxvv4v7tyE9Pu8UHsTbtX.png', '2024-05-13 11:27:25', '2024-05-13 11:27:51', '2024-05-13 11:27:51'),
(22, 'fadsf', 'fsda', '1', 'g@gmail.com', NULL, '$2y$12$MNxh/5GlQxnar.ADXNpJpeWdTht8WdX5V0eQC.A871vBNEyxU3VGS', NULL, '2024-05-15 10:00:00', 2, NULL, NULL, NULL, NULL, 'staffs/qug7k14pcbcyVdCc3769Q4zxdjKLqNrAM7qYmks1.png', '2024-05-14 11:58:35', '2024-05-14 11:58:47', '2024-05-14 11:58:47'),
(23, 'SAD', 'ddsaGDFG', '1', 'SAD@GMAIL.COM', NULL, '$2y$12$s7ur12boyJ.zC62RiU5MaupqWWkfzroFDmLa0KNr4nrfTdUI6wmzy', NULL, '2024-05-01 08:00:00', 2, NULL, '1', NULL, NULL, 'staffs/SsNRIHJPeBqTCSlX5GQHVuLdcL99mkpA70Ophwlx.jpg', '2024-05-16 12:40:13', '2024-05-16 12:40:32', '2024-05-16 12:40:32'),
(24, 'Xuxo', 'Ciga', '222', 'xuxo@gmail.com', NULL, '$2y$12$v8hauhYC/OiF0WFX3Hpkp.GcH9EGXp/ihSquLa0.Y1/eYTjBL7TZW', NULL, '1988-02-15 10:00:00', 1, NULL, NULL, NULL, NULL, 'staffs/ib6Bux3Z9htHUq2ZCOtmEtdWd4FjYF4OaNMuxMOE.png', '2024-05-16 18:07:28', '2024-05-27 11:49:09', '2024-05-27 11:49:09'),
(26, 'Ander', 'Astrain', '2222', 'ander@gmail.com', NULL, '$2y$12$Iqd/kFNmwtAp.capz2RWNuK8A/YA0lan794l3IZ1UZLm8dyMv3soK', 6, '1991-02-23 10:00:00', 1, NULL, 'Grado Fisio', NULL, NULL, 'staffs/BbzQ3SkYShqeaEwpCzTh1VBMZNAo3O4p445RMxED.png', '2024-05-27 12:44:59', '2024-06-01 15:57:53', NULL);

--
-- Índices para tablas volcadas
--

--
-- Indices de la tabla `appointments`
--
ALTER TABLE `appointments`
  ADD PRIMARY KEY (`id`);

--
-- Indices de la tabla `appointment_attendaces`
--
ALTER TABLE `appointment_attendaces`
  ADD PRIMARY KEY (`id`);

--
-- Indices de la tabla `appointment_attendance`
--
ALTER TABLE `appointment_attendance`
  ADD PRIMARY KEY (`id`);

--
-- Indices de la tabla `doctor_schedule_days`
--
ALTER TABLE `doctor_schedule_days`
  ADD PRIMARY KEY (`id`);

--
-- Indices de la tabla `doctor_schedule_hours`
--
ALTER TABLE `doctor_schedule_hours`
  ADD PRIMARY KEY (`id`);

--
-- Indices de la tabla `doctor_schedule_joins`
--
ALTER TABLE `doctor_schedule_joins`
  ADD PRIMARY KEY (`id`),
  ADD KEY `doctor_schedule_day_join` (`doctor_schedule_day_id`);

--
-- Indices de la tabla `failed_jobs`
--
ALTER TABLE `failed_jobs`
  ADD PRIMARY KEY (`id`),
  ADD UNIQUE KEY `failed_jobs_uuid_unique` (`uuid`);

--
-- Indices de la tabla `migrations`
--
ALTER TABLE `migrations`
  ADD PRIMARY KEY (`id`);

--
-- Indices de la tabla `model_has_permissions`
--
ALTER TABLE `model_has_permissions`
  ADD PRIMARY KEY (`permission_id`,`model_id`,`model_type`),
  ADD KEY `model_has_permissions_model_id_model_type_index` (`model_id`,`model_type`);

--
-- Indices de la tabla `model_has_roles`
--
ALTER TABLE `model_has_roles`
  ADD PRIMARY KEY (`role_id`,`model_id`,`model_type`),
  ADD KEY `model_has_roles_model_id_model_type_index` (`model_id`,`model_type`);

--
-- Indices de la tabla `password_reset_tokens`
--
ALTER TABLE `password_reset_tokens`
  ADD PRIMARY KEY (`email`);

--
-- Indices de la tabla `patients`
--
ALTER TABLE `patients`
  ADD PRIMARY KEY (`id`);

--
-- Indices de la tabla `permissions`
--
ALTER TABLE `permissions`
  ADD PRIMARY KEY (`id`),
  ADD UNIQUE KEY `permissions_name_guard_name_unique` (`name`,`guard_name`);

--
-- Indices de la tabla `personal_access_tokens`
--
ALTER TABLE `personal_access_tokens`
  ADD PRIMARY KEY (`id`),
  ADD UNIQUE KEY `personal_access_tokens_token_unique` (`token`),
  ADD KEY `personal_access_tokens_tokenable_type_tokenable_id_index` (`tokenable_type`,`tokenable_id`);

--
-- Indices de la tabla `roles`
--
ALTER TABLE `roles`
  ADD PRIMARY KEY (`id`),
  ADD UNIQUE KEY `roles_name_guard_name_unique` (`name`,`guard_name`);

--
-- Indices de la tabla `role_has_permissions`
--
ALTER TABLE `role_has_permissions`
  ADD PRIMARY KEY (`permission_id`,`role_id`),
  ADD KEY `role_has_permissions_role_id_foreign` (`role_id`);

--
-- Indices de la tabla `specialities`
--
ALTER TABLE `specialities`
  ADD PRIMARY KEY (`id`);

--
-- Indices de la tabla `staffs`
--
ALTER TABLE `staffs`
  ADD PRIMARY KEY (`id`);

--
-- Indices de la tabla `users`
--
ALTER TABLE `users`
  ADD PRIMARY KEY (`id`),
  ADD UNIQUE KEY `users_email_unique` (`email`);

--
-- AUTO_INCREMENT de las tablas volcadas
--

--
-- AUTO_INCREMENT de la tabla `appointments`
--
ALTER TABLE `appointments`
  MODIFY `id` bigint(20) UNSIGNED NOT NULL AUTO_INCREMENT, AUTO_INCREMENT=111;

--
-- AUTO_INCREMENT de la tabla `appointment_attendaces`
--
ALTER TABLE `appointment_attendaces`
  MODIFY `id` bigint(20) UNSIGNED NOT NULL AUTO_INCREMENT, AUTO_INCREMENT=10;

--
-- AUTO_INCREMENT de la tabla `doctor_schedule_days`
--
ALTER TABLE `doctor_schedule_days`
  MODIFY `id` bigint(20) UNSIGNED NOT NULL AUTO_INCREMENT, AUTO_INCREMENT=192;

--
-- AUTO_INCREMENT de la tabla `doctor_schedule_hours`
--
ALTER TABLE `doctor_schedule_hours`
  MODIFY `id` bigint(20) UNSIGNED NOT NULL AUTO_INCREMENT, AUTO_INCREMENT=41;

--
-- AUTO_INCREMENT de la tabla `doctor_schedule_joins`
--
ALTER TABLE `doctor_schedule_joins`
  MODIFY `id` bigint(20) UNSIGNED NOT NULL AUTO_INCREMENT, AUTO_INCREMENT=4053;

--
-- AUTO_INCREMENT de la tabla `failed_jobs`
--
ALTER TABLE `failed_jobs`
  MODIFY `id` bigint(20) UNSIGNED NOT NULL AUTO_INCREMENT;

--
-- AUTO_INCREMENT de la tabla `migrations`
--
ALTER TABLE `migrations`
  MODIFY `id` int(10) UNSIGNED NOT NULL AUTO_INCREMENT, AUTO_INCREMENT=6;

--
-- AUTO_INCREMENT de la tabla `patients`
--
ALTER TABLE `patients`
  MODIFY `id` bigint(20) UNSIGNED NOT NULL AUTO_INCREMENT, AUTO_INCREMENT=11;

--
-- AUTO_INCREMENT de la tabla `permissions`
--
ALTER TABLE `permissions`
  MODIFY `id` bigint(20) UNSIGNED NOT NULL AUTO_INCREMENT, AUTO_INCREMENT=39;

--
-- AUTO_INCREMENT de la tabla `personal_access_tokens`
--
ALTER TABLE `personal_access_tokens`
  MODIFY `id` bigint(20) UNSIGNED NOT NULL AUTO_INCREMENT;

--
-- AUTO_INCREMENT de la tabla `roles`
--
ALTER TABLE `roles`
  MODIFY `id` bigint(20) UNSIGNED NOT NULL AUTO_INCREMENT, AUTO_INCREMENT=15;

--
-- AUTO_INCREMENT de la tabla `specialities`
--
ALTER TABLE `specialities`
  MODIFY `id` bigint(20) UNSIGNED NOT NULL AUTO_INCREMENT, AUTO_INCREMENT=13;

--
-- AUTO_INCREMENT de la tabla `staffs`
--
ALTER TABLE `staffs`
  MODIFY `id` bigint(20) UNSIGNED NOT NULL AUTO_INCREMENT, AUTO_INCREMENT=8;

--
-- AUTO_INCREMENT de la tabla `users`
--
ALTER TABLE `users`
  MODIFY `id` bigint(20) UNSIGNED NOT NULL AUTO_INCREMENT, AUTO_INCREMENT=27;

--
-- Restricciones para tablas volcadas
--

--
-- Filtros para la tabla `model_has_permissions`
--
ALTER TABLE `model_has_permissions`
  ADD CONSTRAINT `model_has_permissions_permission_id_foreign` FOREIGN KEY (`permission_id`) REFERENCES `permissions` (`id`) ON DELETE CASCADE;

--
-- Filtros para la tabla `model_has_roles`
--
ALTER TABLE `model_has_roles`
  ADD CONSTRAINT `model_has_roles_role_id_foreign` FOREIGN KEY (`role_id`) REFERENCES `roles` (`id`) ON DELETE CASCADE;

--
-- Filtros para la tabla `role_has_permissions`
--
ALTER TABLE `role_has_permissions`
  ADD CONSTRAINT `role_has_permissions_permission_id_foreign` FOREIGN KEY (`permission_id`) REFERENCES `permissions` (`id`) ON DELETE CASCADE,
  ADD CONSTRAINT `role_has_permissions_role_id_foreign` FOREIGN KEY (`role_id`) REFERENCES `roles` (`id`) ON DELETE CASCADE;
COMMIT;

/*!40101 SET CHARACTER_SET_CLIENT=@OLD_CHARACTER_SET_CLIENT */;
/*!40101 SET CHARACTER_SET_RESULTS=@OLD_CHARACTER_SET_RESULTS */;
/*!40101 SET COLLATION_CONNECTION=@OLD_COLLATION_CONNECTION */;
